Chromosome	Start	End	Motif	Original_Copies	Mutated_Copies	Delta_Copies	Biological_Variant_Type
chr19	9987155	9987183	AAAT	7	7	0	None
chr19	9979798	9979829	AC	15	15	0	None
chr19	9972369	9972421	T	52	50	-2	Contraction
chr19	9954505	9954546	CA	20	20	0	None
chr19	9931144	9931196	TTTA	13	13	0	None
chr19	9929938	9929963	A	25	25	0	None
chr19	9908844	9908870	A	26	26	0	None
chr19	9890833	9890860	T	27	27	0	None
chr19	9890499	9890543	TG	22	22	0	None
chr19	9885217	9885406	TTCT	47	47	0	None
chr19	9872562	9872602	TA	20	20	0	None
chr19	9869661	9869688	T	27	27	0	None
chr19	9865511	9865682	GAAA	42	42	0	None
chr19	9863597	9863625	AT	14	14	0	None
chr19	9846541	9846569	T	28	29	1	Expansion
chr19	9846513	9846542	TA	14	14	0	None
chr19	9831972	9832012	AAAAAT	6	6	0	None
chr19	9816811	9816838	T	27	27	0	None
chr19	9815259	9815293	CAAAAA	5	5	0	None
chr19	9814411	9814438	AAT	9	9	0	None
chr19	9808109	9808142	T	33	33	0	None
chr19	9800392	9800424	AT	16	16	0	None
chr19	9780490	9780521	TATG	7	7	0	None
chr19	9773994	9774024	TTTA	7	7	0	None
chr19	9773404	9773439	TTTA	8	9	1	Expansion
chr19	9772043	9772071	A	28	28	0	None
chr19	9770821	9770850	A	29	29	0	None
chr19	9767811	9767839	A	28	28	0	None
chr19	9765244	9765281	AAAAT	7	7	0	None
chr19	9759684	9759749	CCTT	16	16	0	None
chr19	9757387	9757431	CAAA	11	11	0	None
chr19	9744104	9744296	TTCCT	38	38	0	None
chr19	9728117	9728167	AAACA	10	10	0	None
chr19	9714689	9714729	TTTTTC	6	6	0	None
chr19	9702505	9702536	TG	15	15	0	None
chr19	9695534	9695575	ATT	13	13	0	None
chr19	9689941	9690005	CTAT	16	16	0	None
chr19	9684208	9684237	T	29	29	0	None
chr19	9666608	9666651	T	43	43	0	None
chr19	9661113	9661147	AAAAAC	5	5	0	None
chr19	9629360	9629388	A	28	28	0	None
chr19	9624790	9624834	TG	22	22	0	None
chr19	9615166	9615192	A	26	26	0	None
chr19	9614692	9614730	CAAA	9	9	0	None
chr19	9613446	9613474	A	28	28	0	None
chr19	9608414	9608447	AAAAC	6	6	0	None
chr19	9605626	9605651	ATAA	6	6	0	None
chr19	9605417	9605466	AAT	16	16	0	None
chr19	9596363	9596389	AATA	6	6	0	None
chr19	9586933	9586962	AAAAAG	4	4	0	None
chr19	9583282	9583320	AAAAC	7	7	0	None
chr19	9578016	9578041	A	25	25	0	None
chr19	9573331	9573372	AC	20	20	0	None
chr19	9560809	9560838	AAAAC	5	5	0	None
chr19	9558079	9558107	AC	14	14	0	None
chr19	9556748	9556788	A	40	39	-1	Contraction
chr19	9556531	9556586	AAAAT	11	11	0	None
chr19	9531719	9531749	T	30	30	0	None
chr19	9523437	9523476	TTTTTG	6	6	0	None
chr19	9518730	9518759	T	29	29	0	None
chr19	9513681	9513715	CAAA	8	8	0	None
chr19	9513338	9513391	T	53	53	0	None
chr19	9512993	9513023	A	30	30	0	None
chr19	9503645	9503674	TG	14	14	0	None
chr19	9484507	9484551	T	44	45	1	Expansion
chr19	9441554	9441580	TTTGTT	4	4	0	None
chr19	9440239	9440286	TTTTAT	7	7	0	None
chr19	9432278	9432318	GTTTTT	6	6	0	None
chr19	9430977	9431019	GT	21	21	0	None
chr19	9414531	9414556	T	25	25	0	None
chr19	9406452	9406480	GCG	9	9	0	None
chr19	9402749	9402792	T	43	43	0	None
chr19	9379962	9379996	TTGT	8	8	0	None
chr19	9376601	9376630	T	29	29	0	None
chr19	9376566	9376602	AT	18	18	0	None
chr19	9375729	9375769	TTTA	10	10	0	None
chr19	9374266	9374292	T	26	26	0	None
chr19	9371633	9371661	TAT	9	9	0	None
chr19	9370520	9370555	AAAT	8	8	0	None
chr19	9366248	9366274	AAAT	6	6	0	None
chr19	9363285	9363335	GTTTT	10	10	0	None
chr19	9351838	9351867	T	29	29	0	None
chr19	9329952	9329994	TTTA	10	10	0	None
chr19	9327302	9327343	TATT	10	10	0	None
chr19	9326692	9326737	AT	22	22	0	None
chr19	9323497	9323524	TTTA	6	5	-1	Contraction
chr19	9314140	9314178	AAAT	9	9	0	None
chr19	9291890	9291934	CA	22	22	0	None
chr19	9286960	9286989	AAC	9	9	0	None
chr19	9272693	9272730	GT	18	18	0	None
chr19	9271477	9271552	TTTC	18	18	0	None
chr19	9268185	9268224	T	39	39	0	None
chr19	9267368	9267428	AAAAG	12	12	0	None
chr19	9265361	9265434	TCTA	18	18	0	None
chr19	9263691	9263739	AAAAAG	8	8	0	None
chr19	9249792	9249834	CAC	14	14	0	None
chr19	9249046	9249087	TG	20	20	0	None
chr19	9244018	9244046	AAACA	5	5	0	None
chr19	9239398	9239648	CTC	83	83	0	None
chr19	9230884	9230929	TG	22	22	0	None
chr19	9223111	9223160	AAAT	12	12	0	None
chr19	9223110	9223161	AAAAT	10	10	0	None
chr19	9214728	9214765	GT	18	18	0	None
chr19	9214192	9214245	AC	26	26	0	None
chr19	9204120	9204151	TTTG	7	7	0	None
chr19	9200789	9200816	T	27	27	0	None
chr19	9195253	9195284	CCCTC	6	6	0	None
chr19	9177697	9177757	AGAAA	12	12	0	None
chr19	9177626	9177770	AAAG	36	36	0	None
chr19	9167528	9167555	AAAG	6	6	0	None
chr19	9152382	9152421	AAAAAG	6	6	0	None
chr19	9150105	9150218	AAGG	28	28	0	None
chr19	9148681	9148727	TTAT	11	11	0	None
chr19	9131508	9131533	AC	12	12	0	None
chr19	9106935	9106962	A	27	27	0	None
chr19	9103886	9103925	TTAT	9	9	0	None
chr19	9102744	9102786	AAAT	10	11	1	Expansion
chr19	9090648	9090677	AAC	9	9	0	None
chr19	9074674	9074785	TG	55	55	0	None
chr19	9068838	9068878	AAAT	10	10	0	None
chr19	9051376	9051417	TG	20	20	0	None
chr19	9046928	9046972	T	44	44	0	None
chr19	9038899	9038928	AC	14	14	0	None
chr19	9030516	9030542	AAAC	6	6	0	None
chr19	9015205	9015243	AAAT	9	9	0	None
chr19	9005845	9005916	AC	35	35	0	None
chr19	9002506	9002531	T	25	25	0	None
chr19	8983955	8983989	A	34	34	0	None
chr19	8975218	8975243	A	25	25	0	None
chr19	8973793	8973821	TTTAT	5	5	0	None
chr19	8968119	8968165	TTTTTA	7	7	0	None
chr19	8964315	8964356	AAC	13	13	0	None
chr19	8961940	8961966	GGGCTG	4	4	0	None
chr19	8956316	8956341	A	25	25	0	None
chr19	8945874	8945914	TTTTC	8	8	0	None
chr19	8936318	8936346	AAAT	7	7	0	None
chr19	8916945	8916970	A	25	25	0	None
chr19	8902680	8902829	GAAG	37	36	-1	Contraction
chr19	8888520	8888547	A	27	26	-1	Contraction
chr19	8885512	8885538	T	26	27	1	Expansion
chr19	8876537	8876568	TG	15	15	0	None
chr19	8843718	8843753	TG	17	18	1	Expansion
chr19	8829577	8829664	AT	43	43	0	None
chr19	8813218	8813252	AAAACA	5	5	0	None
chr19	8811212	8811244	AAAC	8	8	0	None
chr19	8805984	8806018	A	34	34	0	None
chr19	8801532	8801574	CTT	14	14	0	None
chr19	8800218	8800389	ATGG	42	43	1	Expansion
chr19	8799442	8799770	TGGA	82	83	1	Expansion
chr19	8797075	8797108	TTCC	8	8	0	None
chr19	8796976	8797010	A	34	34	0	None
chr19	8791685	8791713	TTTATT	4	4	0	None
chr19	8791562	8791602	TG	20	20	0	None
chr19	8787842	8787918	TTTC	19	18	-1	Contraction
chr19	8786764	8786793	T	29	29	0	None
chr19	8782429	8782455	AC	13	13	0	None
chr19	8770829	8770863	TGTGGG	5	5	0	None
chr19	8755594	8755619	T	25	25	0	None
chr19	8753276	8753312	TAAA	9	9	0	None
chr19	8748375	8748400	T	25	26	1	Expansion
chr19	8744478	8744522	AC	22	22	0	None
chr19	8737740	8737783	CTC	14	14	0	None
chr19	8706183	8706224	T	41	41	0	None
chr19	8703429	8703479	ATTT	12	12	0	None
chr19	8688427	8688459	TTTG	8	8	0	None
chr19	8683656	8683690	GAG	11	11	0	None
chr19	8680967	8681000	TGTT	8	8	0	None
chr19	8667345	8667372	TTTG	6	6	0	None
chr19	8654143	8654190	CCAC	11	11	0	None
chr19	8653444	8653842	CCAC	99	99	0	None
chr19	8647527	8647666	GGA	46	46	0	None
chr19	8642339	8642383	GT	22	22	0	None
chr19	8640552	8640577	T	25	25	0	None
chr19	8639404	8639430	T	26	26	0	None
chr19	8634561	8634590	AAAAC	5	5	0	None
chr19	8631911	8631961	ATTTTT	8	8	0	None
chr19	8624408	8624459	TATG	12	12	0	None
chr19	8621387	8621422	AC	17	17	0	None
chr19	8619974	8620022	CA	24	24	0	None
chr19	8618674	8618706	TA	16	16	0	None
chr19	8618647	8618675	GT	14	14	0	None
chr19	8587587	8587621	A	34	34	0	None
chr19	8575733	8575764	GTTT	7	7	0	None
chr19	8559887	8559980	TC	46	46	0	None
chr19	8559868	8559980	TCTTTC	18	18	0	None
chr19	8558976	8559001	T	25	25	0	None
chr19	8557434	8557459	A	25	25	0	None
chr19	8554824	8554862	TG	19	19	0	None
chr19	8553350	8553380	TGTTTT	5	5	0	None
chr19	8550771	8550798	A	27	27	0	None
chr19	8547623	8547653	AAAAC	6	6	0	None
chr19	8544498	8544540	TGGA	10	10	0	None
chr19	8543728	8543786	GGGGCG	9	9	0	None
chr19	8538809	8538835	T	26	26	0	None
chr19	8531238	8531268	AAAT	7	7	0	None
chr19	8524440	8524469	A	29	29	0	None
chr19	8509594	8509659	CA	32	32	0	None
chr19	8497816	8497841	A	25	25	0	None
chr19	8491250	8491293	T	43	43	0	None
chr19	8482764	8482808	TTG	14	14	0	None
chr19	8482428	8482459	CTGCCT	5	5	0	None
chr19	8482309	8482337	T	28	28	0	None
chr19	8467624	8467680	CA	28	28	0	None
chr19	8463326	8463353	T	27	27	0	None
chr19	8462336	8462365	TG	14	14	0	None
chr19	8462180	8462222	GT	21	21	0	None
chr19	8441979	8442638	AC	329	149	-180	Contraction
chr19	8415571	8415620	GGA	16	16	0	None
chr19	8406317	8406362	TAT	15	15	0	None
chr19	8401262	8401305	TTTA	10	10	0	None
chr19	8399603	8399636	AAT	11	11	0	None
chr19	8387814	8387840	T	26	26	0	None
chr19	8381618	8381657	AAAAAG	6	6	0	None
chr19	8376784	8376821	AAAT	9	9	0	None
chr19	8364084	8364157	CTTT	18	18	0	None
chr19	8363034	8363069	TG	17	17	0	None
chr19	8354962	8354987	T	25	25	0	None
chr19	8336192	8336233	AAAAG	8	8	0	None
chr19	8334855	8334901	TTTAT	9	9	0	None
chr19	8331209	8331246	GTTTT	7	7	0	None
chr19	8304375	8304535	GAG	53	53	0	None
chr19	8295055	8295951	CCAT	224	148	-76	Contraction
chr19	8289081	8289107	A	26	26	0	None
chr19	8284521	8284565	AAT	14	14	0	None
chr19	8276308	8276338	A	30	30	0	None
chr19	8270052	8270079	A	27	27	0	None
chr19	8268175	8268218	TG	21	21	0	None
chr19	8245137	8245183	TTGT	11	11	0	None
chr19	8244472	8244511	TTG	13	13	0	None
chr19	8242476	8242501	A	25	25	0	None
chr19	8241256	8241285	T	29	29	0	None
chr19	8232375	8232423	GT	24	24	0	None
chr19	8222658	8222688	TC	15	15	0	None
chr19	8221608	8221640	GTTT	8	8	0	None
chr19	8213284	8213323	AATA	9	9	0	None
chr19	8207512	8207586	AAAG	18	18	0	None
chr19	8201264	8201295	AAAG	7	7	0	None
chr19	8191514	8191542	T	28	28	0	None
chr19	8190005	8190045	GTTT	10	10	0	None
chr19	8181099	8181126	T	27	28	1	Expansion
chr19	8178665	8178694	T	29	28	-1	Contraction
chr19	8176142	8176173	T	31	32	1	Expansion
chr19	8158836	8158861	TTTTG	5	5	0	None
chr19	8120704	8120742	TTTTG	7	7	0	None
chr19	8106967	8106997	T	30	30	0	None
chr19	8106541	8106587	TTAT	11	11	0	None
chr19	8104180	8104220	A	40	40	0	None
chr19	8101337	8101392	TCC	18	18	0	None
chr19	8094112	8094147	GTTTT	7	7	0	None
chr19	8093351	8093384	TG	16	16	0	None
chr19	8086225	8086277	TAAA	13	13	0	None
chr19	8083694	8084701	CATC	251	149	-102	Contraction
chr19	8081848	8081902	ATGG	13	13	0	None
chr19	8068018	8068044	T	26	27	1	Expansion
chr19	8063079	8063114	T	35	35	0	None
chr19	8063024	8063078	TCT	18	18	0	None
chr19	8058972	8059000	GAAT	7	7	0	None
chr19	8057234	8057267	TATT	8	8	0	None
chr19	8041147	8041177	CA	15	15	0	None
chr19	8039739	8039769	A	30	30	0	None
chr19	8035078	8035168	AAGGC	18	18	0	None
chr19	8033824	8033852	A	28	28	0	None
chr19	8006613	8006657	GAGAGG	7	7	0	None
chr19	8003629	8003657	TTTG	7	6	-1	Contraction
chr19	8003436	8003470	TTTTG	6	6	0	None
chr19	7989447	7989483	CAAA	9	9	0	None
chr19	7980229	7980260	T	31	31	0	None
chr19	7970290	7970335	T	45	45	0	None
chr19	7966024	7966085	CCTT	15	15	0	None
chr19	7965994	7966027	TGCC	8	8	0	None
chr19	7964106	7964175	TGAA	17	17	0	None
chr19	7961563	7961590	TTTC	6	6	0	None
chr19	7959249	7959278	TTTTG	5	5	0	None
chr19	7959001	7959034	TATT	8	8	0	None
chr19	7958660	7958716	TTTA	14	14	0	None
chr19	7957162	7957230	AGGAG	13	13	0	None
chr19	7957051	7957083	AAAAC	6	6	0	None
chr19	7955905	7955949	TTTTG	8	8	0	None
chr19	7930884	7930917	ATT	11	11	0	None
chr19	7927630	7927656	AAAT	6	5	-1	Contraction
chr19	7921759	7921803	T	44	44	0	None
chr19	7917612	7917650	CTCCCT	6	6	0	None
chr19	7915070	7915095	A	25	25	0	None
chr19	7905535	7905563	A	28	28	0	None
chr19	7897955	7897984	TCAA	7	7	0	None
chr19	7896825	7896852	T	27	27	0	None
chr19	7896457	7896487	T	30	30	0	None
chr19	7895956	7895983	TG	13	13	0	None
chr19	7895222	7895255	T	33	33	0	None
chr19	7892960	7893015	TCTTT	11	11	0	None
chr19	7892653	7892699	AG	23	22	-1	Contraction
chr19	7890381	7890410	TTTTG	5	5	0	None
chr19	7889445	7889486	AG	20	19	-1	Contraction
chr19	7889442	7889497	GAAAGA	9	10	1	Expansion
chr19	7888618	7888647	ATC	9	9	0	None
chr19	7888589	7888620	TTA	10	10	0	None
chr19	7880695	7880721	CAAAA	5	5	0	None
chr19	7879294	7879346	AAACAA	8	8	0	None
chr19	7870496	7870521	T	25	25	0	None
chr19	7869856	7869887	TTTA	7	7	0	None
chr19	7869550	7869575	ATTG	6	6	0	None
chr19	7866422	7866710	CCAT	72	72	0	None
chr19	7844811	7844843	AAAG	8	8	0	None
chr19	7829142	7829182	TTTA	10	10	0	None
chr19	7828219	7828275	TTTTG	11	11	0	None
chr19	7827718	7827760	A	42	41	-1	Contraction
chr19	7819841	7819869	CAAAA	5	5	0	None
chr19	7807112	7807146	GT	17	17	0	None
chr19	7804208	7804258	T	50	50	0	None
chr19	7792578	7792610	A	32	32	0	None
chr19	7787224	7787254	A	30	30	0	None
chr19	7782189	7782220	TTTG	7	7	0	None
chr19	7781988	7782017	T	29	30	1	Expansion
chr19	7777536	7777563	A	27	27	0	None
chr19	7769581	7769634	AC	26	26	0	None
chr19	7761970	7762000	TTCA	7	7	0	None
chr19	7752227	7752260	TGTA	8	8	0	None
chr19	7746120	7746148	AAT	9	9	0	None
chr19	7745434	7745475	AAAAGA	6	6	0	None
chr19	7743934	7743974	AT	20	20	0	None
chr19	7743905	7743935	A	30	30	0	None
chr19	7740576	7740623	AAAT	11	12	1	Expansion
chr19	7737695	7737720	A	25	25	0	None
chr19	7718473	7718634	AGGAG	32	32	0	None
chr19	7718236	7718294	AAAAG	11	11	0	None
chr19	7716061	7716086	AG	12	12	0	None
chr19	7706118	7706157	AAAG	9	9	0	None
chr19	7702162	7702202	TATT	10	10	0	None
chr19	7699703	7699729	AAG	8	8	0	None
chr19	7695496	7695548	AAGG	13	13	0	None
chr19	7695392	7695496	GAAA	26	26	0	None
chr19	7691302	7691335	T	33	33	0	None
chr19	7680870	7680913	T	43	43	0	None
chr19	7680833	7680910	TTCTT	15	15	0	None
chr19	7670908	7670964	TAAAA	11	10	-1	Contraction
chr19	7669805	7669924	TTCC	29	29	0	None
chr19	7666882	7666934	GAGA	13	13	0	None
chr19	7666882	7666934	GAGAGA	8	7	-1	Contraction
chr19	7666063	7666180	CTTTC	23	22	-1	Contraction
chr19	7666057	7666227	TCTT	42	41	-1	Contraction
chr19	7656853	7656878	A	25	25	0	None
chr19	7646260	7646295	GTTT	8	8	0	None
chr19	7644502	7644542	T	40	40	0	None
chr19	7633735	7633907	ATCC	43	43	0	None
chr19	7631180	7631245	TTCC	16	16	0	None
chr19	7631155	7631206	CTCC	12	12	0	None
chr19	7631054	7631104	TCCT	12	12	0	None
chr19	7629942	7630033	AACCTC	15	15	0	None
chr19	7626151	7626213	ATCC	15	16	1	Expansion
chr19	7625919	7625952	ATCC	8	8	0	None
chr19	7625806	7625873	CATC	16	16	0	None
chr19	7625527	7625646	ATCC	29	29	0	None
chr19	7622652	7622684	CAC	10	10	0	None
chr19	7613703	7613734	T	31	31	0	None
chr19	7608223	7608530	TA	153	149	-4	Contraction
chr19	7608223	7608530	TATATA	51	51	0	None
chr19	7589264	7589289	ATTTT	5	5	0	None
chr19	7561632	7561657	A	25	26	1	Expansion
chr19	7552905	7552957	TAAA	13	13	0	None
chr19	7545155	7545220	TATTT	13	12	-1	Contraction
chr19	7541645	7541707	TTATT	12	12	0	None
chr19	7541215	7541274	ATAC	14	14	0	None
chr19	7538663	7538762	AAGA	24	24	0	None
chr19	7538629	7538719	AGAAA	18	18	0	None
chr19	7533946	7533975	AAAC	7	7	0	None
chr19	7531327	7531374	AC	23	22	-1	Contraction
chr19	7530532	7530558	A	26	26	0	None
chr19	7530317	7530356	CAAAA	7	7	0	None
chr19	7528075	7528108	TTTTG	6	6	0	None
chr19	7525336	7525369	TTCA	8	8	0	None
chr19	7520555	7520581	A	26	26	0	None
chr19	7514411	7514470	TTCC	14	14	0	None
chr19	7508984	7509022	TTTA	9	9	0	None
chr19	7506544	7506598	GGGA	13	13	0	None
chr19	7503932	7503958	A	26	26	0	None
chr19	7502336	7502370	T	34	34	0	None
chr19	7491877	7491910	AAAAG	6	6	0	None
chr19	7485499	7485533	TTGT	8	8	0	None
chr19	7468138	7468192	TTTC	13	13	0	None
chr19	7467279	7467334	AG	27	27	0	None
chr19	7465813	7465922	AAAG	27	27	0	None
chr19	7465180	7465205	TAAA	6	6	0	None
chr19	7463773	7463960	GAAGGA	31	31	0	None
chr19	7456308	7456343	AAAT	8	8	0	None
chr19	7453090	7453117	TA	13	13	0	None
chr19	7450694	7450793	TCC	33	33	0	None
chr19	7446171	7446255	ATCC	21	21	0	None
chr19	7444693	7444811	TA	59	59	0	None
chr19	7444072	7444099	T	27	29	2	Expansion
chr19	7443313	7443344	ATTT	7	7	0	None
chr19	7437868	7437926	TCTTCT	9	9	0	None
chr19	7432579	7432665	TTCCT	17	16	-1	Contraction
chr19	7432575	7432660	TTTC	21	21	0	None
chr19	7430632	7430657	T	25	25	0	None
chr19	7426048	7426080	TTTTC	6	6	0	None
chr19	7425433	7425459	TTG	8	8	0	None
chr19	7418377	7418411	TAT	11	11	0	None
chr19	7417610	7417676	AAAT	16	16	0	None
chr19	7417214	7417239	T	25	24	-1	Contraction
chr19	7410953	7410986	ATTTT	6	6	0	None
chr19	7410498	7410621	AT	61	61	0	None
chr19	7408432	7408458	TTAA	6	6	0	None
chr19	7402469	7402495	A	26	27	1	Expansion
chr19	7393377	7393407	T	30	30	0	None
chr19	7388366	7388429	CTTT	15	15	0	None
chr19	7384970	7384995	A	25	25	0	None
chr19	7382281	7382316	AAAG	8	8	0	None
chr19	7381458	7381501	T	43	43	0	None
chr19	7379905	7379945	T	40	40	0	None
chr19	7374797	7374830	TGTA	8	8	0	None
chr19	7373066	7373094	A	28	27	-1	Contraction
chr19	7370002	7370027	A	25	26	1	Expansion
chr19	7364765	7364791	T	26	26	0	None
chr19	7359108	7359138	TTTTTA	5	5	0	None
chr19	7355226	7355276	AAT	16	16	0	None
chr19	7351095	7351135	TTG	13	13	0	None
chr19	7351095	7351135	TTGTTG	6	6	0	None
chr19	7349161	7349230	TC	34	34	0	None
chr19	7349123	7349248	TTTC	31	31	0	None
chr19	7343013	7343060	GT	23	23	0	None
chr19	7342053	7342130	CCCTTC	12	13	1	Expansion
chr19	7336236	7336262	A	26	26	0	None
chr19	7328584	7328647	CCT	21	22	1	Expansion
chr19	7323312	7323345	TG	16	16	0	None
chr19	7315430	7315456	AT	13	13	0	None
chr19	7313434	7313461	T	27	27	0	None
chr19	7301777	7301810	TG	16	16	0	None
chr19	7295091	7295117	T	26	26	0	None
chr19	7289412	7289465	AAT	17	17	0	None
chr19	7286648	7286714	GT	33	33	0	None
chr19	7280982	7281011	A	29	29	0	None
chr19	7266355	7266397	AAAAAC	7	7	0	None
chr19	7261308	7261341	TTTC	8	8	0	None
chr19	7246433	7246473	AC	20	20	0	None
chr19	7242320	7242346	AAAAC	5	5	0	None
chr19	7237395	7237427	CT	16	16	0	None
chr19	7233312	7233350	AAACA	7	7	0	None
chr19	7231520	7231547	A	27	27	0	None
chr19	7225144	7225174	A	30	30	0	None
chr19	7221460	7221486	A	26	27	1	Expansion
chr19	7210978	7211003	T	25	25	0	None
chr19	7199681	7199716	T	35	35	0	None
chr19	7197396	7197466	GATA	17	17	0	None
chr19	7194173	7194202	AAAAT	5	5	0	None
chr19	7189327	7189352	AAAAC	5	5	0	None
chr19	7181734	7181789	TTTC	13	13	0	None
chr19	7180342	7180367	T	25	24	-1	Contraction
chr19	7179421	7179446	T	25	25	0	None
chr19	7174023	7174049	T	26	26	0	None
chr19	7170648	7170675	A	27	27	0	None
chr19	7169803	7169832	T	29	29	0	None
chr19	7147673	7147703	T	30	30	0	None
chr19	7146363	7146421	ATGG	14	14	0	None
chr19	7145934	7146221	GGAT	71	70	-1	Contraction
chr19	7144970	7145005	A	35	35	0	None
chr19	7140063	7140107	TGGA	11	11	0	None
chr19	7134361	7134410	T	49	49	0	None
chr19	7132831	7132865	TTTA	8	8	0	None
chr19	7132179	7132204	T	25	25	0	None
chr19	7126903	7126936	CCACCC	5	5	0	None
chr19	7123425	7123461	TG	18	18	0	None
chr19	7118462	7118490	ATTT	7	7	0	None
chr19	7109033	7109084	TTTA	12	12	0	None
chr19	7105959	7106011	TCCCC	10	10	0	None
chr19	7105320	7105346	A	26	26	0	None
chr19	7097382	7097410	TAAAAA	4	4	0	None
chr19	7096664	7096706	TTG	14	14	0	None
chr19	7094016	7094054	TTG	12	12	0	None
chr19	7093859	7093896	ATTT	9	9	0	None
chr19	7090119	7090162	T	43	43	0	None
chr19	7074011	7074040	AAATAA	4	4	0	None
chr19	7068084	7068124	T	40	40	0	None
chr19	7056537	7056598	AC	30	30	0	None
chr19	7055144	7055193	AT	24	23	-1	Contraction
chr19	7055115	7055145	A	30	30	0	None
chr19	7040356	7040383	T	27	27	0	None
chr19	7037990	7038057	AGAAA	13	13	0	None
chr19	7031554	7031604	GT	25	25	0	None
chr19	7025413	7025463	AAAACA	8	8	0	None
chr19	7019954	7019989	T	35	35	0	None
chr19	7019099	7019140	TGTTT	8	8	0	None
chr19	7018718	7018757	AC	19	19	0	None
chr19	7013885	7013986	TTCC	25	25	0	None
chr19	7013513	7013547	AAAAT	6	6	0	None
chr19	7012322	7012354	TCTT	8	8	0	None
chr19	7007342	7007549	AAG	69	69	0	None
chr19	7004945	7004984	AG	19	18	-1	Contraction
chr19	7002887	7002919	TTTCT	6	6	0	None
chr19	6998462	6998494	TAAAT	6	5	-1	Contraction
chr19	6990864	6990893	A	29	28	-1	Contraction
chr19	6987180	6987216	AT	18	18	0	None
chr19	6987153	6987181	A	28	27	-1	Contraction
chr19	6985597	6985706	ATGG	27	27	0	None
chr19	6985221	6985366	GATG	36	36	0	None
chr19	6983400	6983430	AAAT	7	7	0	None
chr19	6978783	6979668	ATCC	221	149	-72	Contraction
chr19	6950298	6950324	AAAT	6	5	-1	Contraction
chr19	6948978	6949036	AGAA	14	14	0	None
chr19	6948782	6948980	GGAGG	39	39	0	None
chr19	6939188	6939223	TATC	8	8	0	None
chr19	6939150	6939191	TTTA	10	10	0	None
chr19	6936986	6937145	TCCT	39	39	0	None
chr19	6926305	6926337	TTTAT	6	6	0	None
chr19	6915859	6915977	TCTT	29	30	1	Expansion
chr19	6906338	6906459	CTTT	30	30	0	None
chr19	6906261	6906439	TCCT	44	44	0	None
chr19	6905541	6905593	A	52	51	-1	Contraction
chr19	6901046	6901087	GGGGAG	6	6	0	None
chr19	6895904	6895929	CA	12	12	0	None
chr19	6894922	6894962	AC	20	20	0	None
chr19	6887020	6887046	T	26	26	0	None
chr19	6885465	6885492	T	27	27	0	None
chr19	6884781	6884806	A	25	25	0	None
chr19	6874270	6875903	CTGGT	326	149	-177	Contraction
chr19	6865670	6865723	TCCCC	10	10	0	None
chr19	6857853	6857892	TTCTT	7	7	0	None
chr19	6857518	6857555	TG	18	18	0	None
chr19	6828720	6828751	A	31	30	-1	Contraction
chr19	6826190	6826254	GAAGAA	10	10	0	None
chr19	6821757	6821783	TTG	8	8	0	None
chr19	6820427	6820457	CTCAGA	5	5	0	None
chr19	6812672	6812707	AAAC	8	8	0	None
chr19	6809532	6809570	TTTCTT	6	6	0	None
chr19	6808545	6808575	AAAAG	6	6	0	None
chr19	6802273	6802311	AAAAAT	6	6	0	None
chr19	6790639	6790674	AAAT	8	7	-1	Contraction
chr19	6788233	6788286	AAT	17	17	0	None
chr19	6787905	6787946	ATC	13	13	0	None
chr19	6787862	6787907	AAT	15	15	0	None
chr19	6785514	6785542	AAAAT	5	5	0	None
chr19	6782992	6783045	CTTT	13	13	0	None
chr19	6782894	6782979	TTCC	21	21	0	None
chr19	6782844	6782894	TTTC	12	12	0	None
chr19	6776964	6778043	GGAAG	215	149	-66	Contraction
chr19	6774462	6774504	TCCA	10	10	0	None
chr19	6774327	6774373	TCCA	11	11	0	None
chr19	6773878	6774225	TCCA	86	86	0	None
chr19	6767983	6768008	T	25	25	0	None
chr19	6767168	6767195	T	27	27	0	None
chr19	6764467	6764528	CCAT	15	14	-1	Contraction
chr19	6764321	6764432	CATC	27	27	0	None
chr19	6761342	6761398	CTTT	14	14	0	None
chr19	6760230	6760277	ATTTT	9	9	0	None
chr19	6760155	6760201	AAACT	9	9	0	None
chr19	6759004	6759032	A	28	28	0	None
chr19	6755688	6755719	TTAT	7	7	0	None
chr19	6753779	6754892	ATCC	278	149	-129	Contraction
chr19	6751803	6751952	AAAG	37	37	0	None
chr19	6751427	6751516	GAAG	22	22	0	None
chr19	6747346	6747386	TTTA	10	10	0	None
chr19	6745740	6745768	AAAAAC	4	4	0	None
chr19	6743655	6743700	TATT	11	11	0	None
chr19	6742882	6742930	TAT	16	16	0	None
chr19	6739330	6739356	A	26	26	0	None
chr19	6738717	6738900	AT	91	91	0	None
chr19	6737965	6738014	GAAAA	9	9	0	None
chr19	6736178	6736235	TTCC	14	14	0	None
chr19	6735793	6735899	GGAA	26	26	0	None
chr19	6734735	6734767	TATT	8	8	0	None
chr19	6729906	6729941	GAAG	8	8	0	None
chr19	6725521	6725569	TTTA	12	12	0	None
chr19	6723677	6723719	TGTTT	8	8	0	None
chr19	6718994	6719024	TTTTG	6	6	0	None
chr19	6710996	6711135	TTTC	34	35	1	Expansion
chr19	6705255	6705290	ACAAAA	5	5	0	None
chr19	6693632	6693688	A	56	56	0	None
chr19	6685051	6685087	TAAA	9	9	0	None
chr19	6679253	6679309	GT	28	28	0	None
chr19	6677553	6677587	CCTCC	6	6	0	None
chr19	6673071	6673098	TTTG	6	6	0	None
chr19	6655681	6655706	A	25	25	0	None
chr19	6634778	6634804	A	26	26	0	None
chr19	6609942	6609967	A	25	25	0	None
chr19	6609312	6609338	A	26	26	0	None
chr19	6606552	6606591	AAAAAT	6	6	0	None
chr19	6591039	6591096	AAAT	14	13	-1	Contraction
chr19	6565815	6565840	T	25	25	0	None
chr19	6563324	6563361	AAAAT	7	7	0	None
chr19	6561214	6561258	A	44	44	0	None
chr19	6560862	6560901	A	39	39	0	None
chr19	6559464	6559501	AC	18	18	0	None
chr19	6533763	6533797	AAC	11	11	0	None
chr19	6529753	6529790	GCT	12	12	0	None
chr19	6512015	6512040	A	25	25	0	None
chr19	6507792	6507820	TAT	9	9	0	None
chr19	6493543	6493568	T	25	25	0	None
chr19	6489818	6489871	AAACAA	8	8	0	None
chr19	6482379	6482408	AACAA	5	5	0	None
chr19	6479757	6479787	CAAAA	6	6	0	None
chr19	6472404	6472435	GT	15	15	0	None
chr19	6464730	6464773	ACACTA	7	7	0	None
chr19	6449248	6449285	AAAC	9	9	0	None
chr19	6433963	6433998	ATAA	8	8	0	None
chr19	6432588	6432621	AAATAC	5	5	0	None
chr19	6432568	6432593	AAAT	6	6	0	None
chr19	6428512	6428627	AGAA	28	28	0	None
chr19	6428405	6428504	AGGG	24	24	0	None
chr19	6409938	6409964	A	26	26	0	None
chr19	6400337	6400372	A	35	35	0	None
chr19	6393660	6393708	AAAT	12	12	0	None
chr19	6393078	6393127	ATA	16	16	0	None
chr19	6375467	6375495	TG	14	14	0	None
chr19	6369677	6369709	GT	16	15	-1	Contraction
chr19	6367498	6367527	A	29	29	0	None
chr19	6362512	6362540	T	28	27	-1	Contraction
chr19	6352765	6352791	T	26	26	0	None
chr19	6350582	6350614	A	32	32	0	None
chr19	6350032	6350058	GT	13	13	0	None
chr19	6347642	6347697	AAT	18	18	0	None
chr19	6337311	6337356	AC	22	22	0	None
chr19	6329538	6329577	TTTC	9	9	0	None
chr19	6316051	6316082	AC	15	15	0	None
chr19	6314814	6314839	T	25	25	0	None
chr19	6313029	6313056	A	27	27	0	None
chr19	6308169	6308206	AC	18	18	0	None
chr19	6304878	6304911	A	33	33	0	None
chr19	6297258	6297314	GT	28	28	0	None
chr19	6292611	6292649	TTA	12	12	0	None
chr19	6292355	6292381	AC	13	13	0	None
chr19	6286830	6286899	TC	34	34	0	None
chr19	6285303	6285362	GAG	19	19	0	None
chr19	6284318	6284348	TTTTG	6	6	0	None
chr19	6281914	6282007	TG	46	47	1	Expansion
chr19	6280030	6280153	AGAA	30	30	0	None
chr19	6278769	6278800	TG	15	15	0	None
chr19	6276029	6276098	T	69	69	0	None
chr19	6270280	6270309	T	29	29	0	None
chr19	6269793	6269820	TGTTT	5	5	0	None
chr19	6259405	6259458	AC	26	26	0	None
chr19	6255155	6255379	TGTGTG	37	38	1	Expansion
chr19	6254528	6254553	T	25	25	0	None
chr19	6252991	6253114	AC	61	61	0	None
chr19	6251825	6251850	T	25	25	0	None
chr19	6250258	6250326	GT	34	34	0	None
chr19	6244876	6244916	TTG	13	13	0	None
chr19	6244838	6244864	AAAT	6	6	0	None
chr19	6243247	6243287	TTTTTG	6	6	0	None
chr19	6240243	6240316	TG	36	36	0	None
chr19	6239240	6239280	T	40	40	0	None
chr19	6238918	6238948	TTTTTG	5	5	0	None
chr19	6222600	6222626	TTTGTT	4	4	0	None
chr19	6222182	6222214	TTA	10	10	0	None
chr19	6215464	6215493	A	29	29	0	None
chr19	6210548	6210578	TTTTGT	5	5	0	None
chr19	6201389	6201417	T	28	29	1	Expansion
chr19	6192691	6192725	TTTTA	6	6	0	None
chr19	6189669	6189695	T	26	26	0	None
chr19	6182469	6182506	T	37	38	1	Expansion
chr19	6177911	6177939	ATTT	7	7	0	None
chr19	6173042	6173086	AC	22	22	0	None
chr19	6169124	6169163	TGTT	9	9	0	None
chr19	6162870	6162909	T	39	39	0	None
chr19	6147630	6147665	TTTTG	7	7	0	None
chr19	6142430	6142481	TTTTG	10	10	0	None
chr19	6132020	6132124	TGGT	26	26	0	None
chr19	6131853	6131908	TGGT	13	13	0	None
chr19	6099071	6099101	TG	15	15	0	None
chr19	6096937	6096971	T	34	35	1	Expansion
chr19	6068074	6068194	TG	60	60	0	None
chr19	6066037	6066073	GT	18	18	0	None
chr19	6063405	6063741	AGAA	84	85	1	Expansion
chr19	6058388	6058510	AAAG	30	30	0	None
chr19	6048640	6048671	AATA	7	7	0	None
chr19	6045794	6045827	AAAAG	6	6	0	None
chr19	6043060	6043641	GGAT	145	147	2	Expansion
chr19	6042722	6042769	GAAT	11	11	0	None
chr19	6029036	6029108	GAA	24	24	0	None
chr19	6011100	6011128	T	28	28	0	None
chr19	6006600	6006625	A	25	25	0	None
chr19	5991558	5991682	ACAAAG	20	20	0	None
chr19	5991219	5991439	TAGACA	36	36	0	None
chr19	5990330	5990357	AC	13	13	0	None
chr19	5988704	5988741	TC	18	18	0	None
chr19	5985727	5985885	AT	79	79	0	None
chr19	5982086	5982126	TAT	13	13	0	None
chr19	5972054	5972383	AAAG	82	82	0	None
chr19	5970502	5970558	AAAT	14	15	1	Expansion
chr19	5964573	5964605	ATTT	8	8	0	None
chr19	5961702	5961732	AAAAC	6	6	0	None
chr19	5957550	5957591	AC	20	20	0	None
chr19	5950547	5950716	ATAT	42	42	0	None
chr19	5938222	5938259	CA	18	18	0	None
chr19	5925730	5925760	AC	15	14	-1	Contraction
chr19	5923239	5923286	CT	23	22	-1	Contraction
chr19	5921000	5921129	TC	64	65	1	Expansion
chr19	5919472	5919535	ATAG	15	15	0	None
chr19	5919402	5919465	GGAT	15	15	0	None
chr19	5919335	5919376	ATAG	10	10	0	None
chr19	5912772	5912812	TA	20	20	0	None
chr19	5912698	5912773	TG	37	36	-1	Contraction
chr19	5898677	5898715	A	38	38	0	None
chr19	5898262	5898397	AGAT	33	33	0	None
chr19	5896212	5896277	ATCT	16	16	0	None
chr19	5896172	5896203	TCCA	7	7	0	None
chr19	5896070	5896108	ATCC	9	9	0	None
chr19	5895980	5896013	CCAT	8	8	0	None
chr19	5888707	5888846	ATAGAC	23	23	0	None
chr19	5885085	5885148	CT	31	32	1	Expansion
chr19	5881416	5881606	AGAT	47	47	0	None
chr19	5877386	5877413	AAAAAG	4	4	0	None
chr19	5873559	5873590	AAAC	7	7	0	None
chr19	5872570	5872641	TATTT	14	14	0	None
chr19	5868300	5868372	AG	36	36	0	None
chr19	5868290	5868448	AAAG	39	39	0	None
chr19	5862427	5862536	GGGAGG	18	18	0	None
chr19	5861114	5861170	TTTC	14	14	0	None
chr19	5856976	5857014	AT	19	19	0	None
chr19	5848604	5848636	TTTTA	6	6	0	None
chr19	5845441	5845645	AAGAAG	34	33	-1	Contraction
chr19	5826495	5826538	T	43	43	0	None
chr19	5821765	5821795	CA	15	15	0	None
chr19	5814481	5814535	GA	27	27	0	None
chr19	5814446	5814482	TG	18	19	1	Expansion
chr19	5813475	5813581	AG	53	53	0	None
chr19	5812722	5812765	GAGG	10	10	0	None
chr19	5812484	5812682	AGGA	49	49	0	None
chr19	5810860	5810930	AAAAT	14	14	0	None
chr19	5809262	5809304	TTAT	10	10	0	None
chr19	5803576	5803607	GAAAA	6	6	0	None
chr19	5803346	5803579	GAAGG	46	46	0	None
chr19	5795319	5795346	TTTTGT	4	4	0	None
chr19	5795070	5795143	CCTC	18	18	0	None
chr19	5793110	5793136	TTTGTT	4	4	0	None
chr19	5791442	5791477	AC	17	17	0	None
chr19	5789761	5789799	TCTTT	7	7	0	None
chr19	5783823	5783858	CAAA	8	8	0	None
chr19	5743233	5743310	GA	38	38	0	None
chr19	5736425	5736454	TATT	7	7	0	None
chr19	5722706	5722865	TTTC	39	39	0	None
chr19	5722700	5722747	TTTCTT	7	7	0	None
chr19	5714501	5714541	A	40	40	0	None
chr19	5712436	5712472	A	36	36	0	None
chr19	5710993	5711022	TG	14	14	0	None
chr19	5684757	5684800	TG	21	21	0	None
chr19	5683061	5683123	AG	31	31	0	None
chr19	5668929	5668973	AG	22	22	0	None
chr19	5668573	5668671	CTATGT	16	16	0	None
chr19	5667870	5668192	TCTATG	53	53	0	None
chr19	5667498	5667542	TATATC	7	7	0	None
chr19	5661269	5661326	AAAAC	11	11	0	None
chr19	5656470	5656769	TATC	74	72	-2	Contraction
chr19	5653726	5653787	AG	30	30	0	None
chr19	5651720	5651851	TGTCTA	21	21	0	None
chr19	5650661	5650870	TTTC	52	52	0	None
chr19	5643104	5643491	AGAT	96	97	1	Expansion
chr19	5643077	5643102	GATG	6	6	0	None
chr19	5642847	5642924	GGAT	19	18	-1	Contraction
chr19	5637009	5637064	A	55	55	0	None
chr19	5626606	5626647	TATC	10	10	0	None
chr19	5625331	5625375	TA	22	22	0	None
chr19	5617484	5617535	ATCT	12	12	0	None
chr19	5600985	5601026	CAAAA	8	8	0	None
chr19	5599454	5599492	AAC	12	12	0	None
chr19	5594643	5594713	TTTC	17	17	0	None
chr19	5589697	5589732	AAC	11	11	0	None
chr19	5581352	5581380	TCCT	7	7	0	None
chr19	5581026	5581078	TCTT	13	13	0	None
chr19	5580970	5581012	TCTTT	8	8	0	None
chr19	5579485	5579521	TTTA	9	9	0	None
chr19	5571446	5571534	ATCT	22	22	0	None
chr19	5571305	5571373	ATCT	17	17	0	None
chr19	5571243	5571279	ATCC	9	8	-1	Contraction
chr19	5570844	5570883	CTAT	9	9	0	None
chr19	5570755	5570802	CTAC	11	11	0	None
chr19	5570624	5570699	TCTA	18	18	0	None
chr19	5567094	5567231	TCTT	34	34	0	None
chr19	5567058	5567095	TTCC	9	9	0	None
chr19	5562841	5562877	AAAAG	7	7	0	None
chr19	5555145	5555177	GT	16	16	0	None
chr19	5550286	5550326	AACA	10	10	0	None
chr19	5548003	5548051	GT	24	25	1	Expansion
chr19	5547969	5548004	GA	17	17	0	None
chr19	5546724	5546763	TTTC	9	9	0	None
chr19	5545649	5545692	A	43	43	0	None
chr19	5545649	5545695	AAAAG	9	9	0	None
chr19	5535548	5535704	ATCC	39	39	0	None
chr19	5524651	5524721	AAAG	17	17	0	None
chr19	5518648	5518709	A	61	61	0	None
chr19	5514671	5514708	GAAA	9	10	1	Expansion
chr19	5509905	5509984	CTTT	19	19	0	None
chr19	5509855	5509926	TCCT	17	17	0	None
chr19	5504635	5504678	TC	21	21	0	None
chr19	5503769	5503796	A	27	27	0	None
chr19	5503372	5503463	TA	45	45	0	None
chr19	5501939	5501997	TTCC	14	14	0	None
chr19	5501579	5501612	AACAA	6	6	0	None
chr19	5498098	5498144	AAAT	11	11	0	None
chr19	5494501	5494552	TTTA	12	12	0	None
chr19	5482613	5482710	TTCT	24	24	0	None
chr19	5482432	5482616	CTTC	46	46	0	None
chr19	5481514	5481539	T	25	25	0	None
chr19	5477696	5477754	ATAAA	11	11	0	None
chr19	5474338	5474371	AAAAC	6	6	0	None
chr19	5473811	5473878	AAGA	16	16	0	None
chr19	5473471	5473510	A	39	39	0	None
chr19	5471104	5471131	T	27	28	1	Expansion
chr19	5470242	5470297	TTCC	13	13	0	None
chr19	5467923	5467970	TCTT	11	11	0	None
chr19	5467839	5467924	TTCC	21	21	0	None
chr19	5462486	5462513	AAAACA	4	4	0	None
chr19	5461332	5461358	AGGC	6	6	0	None
chr19	5458939	5458964	TATT	6	6	0	None
chr19	5439120	5439149	TCC	9	9	0	None
chr19	5437995	5438027	AC	16	16	0	None
chr19	5432494	5432560	GCG	22	22	0	None
chr19	5425794	5425922	AGG	42	42	0	None
chr19	5408577	5408602	AAAG	6	6	0	None
chr19	5406363	5406405	GA	21	21	0	None
chr19	5403681	5403708	GCCATA	4	4	0	None
chr19	5395307	5395343	TTGTT	7	7	0	None
chr19	5364058	5364098	AAAT	10	10	0	None
chr19	5357429	5357459	A	30	29	-1	Contraction
chr19	5351614	5351643	CAAAA	5	5	0	None
chr19	5346374	5346405	AC	15	15	0	None
chr19	5345926	5345968	A	42	42	0	None
chr19	5344171	5344203	TTTTG	6	6	0	None
chr19	5341522	5341569	TTTA	11	11	0	None
chr19	5340903	5340931	TTTTGT	4	4	0	None
chr19	5332502	5332532	GCC	10	10	0	None
chr19	5323179	5323205	A	26	25	-1	Contraction
chr19	5322260	5322285	GTTTT	5	5	0	None
chr19	5316156	5316181	A	25	25	0	None
chr19	5309015	5309041	AACA	6	6	0	None
chr19	5302669	5302695	A	26	26	0	None
chr19	5298621	5298661	A	40	40	0	None
chr19	5292778	5292816	A	38	38	0	None
chr19	5282020	5282047	AAAC	6	6	0	None
chr19	5278106	5278141	A	35	34	-1	Contraction
chr19	5277790	5277815	CAAAA	5	5	0	None
chr19	5262525	5262560	A	35	35	0	None
chr19	5241806	5241831	T	25	25	0	None
chr19	5238858	5238913	GCT	18	18	0	None
chr19	5237159	5237195	AAAAAC	6	6	0	None
chr19	5229886	5229937	A	51	51	0	None
chr19	5228504	5228537	T	33	33	0	None
chr19	5223242	5223277	TGAG	8	8	0	None
chr19	5216726	5216767	T	41	41	0	None
chr19	5206923	5206982	TTA	19	19	0	None
chr19	5203580	5203606	T	26	26	0	None
chr19	5186380	5186421	TG	20	20	0	None
chr19	5184038	5184066	A	28	28	0	None
chr19	5183385	5183416	TTTG	7	7	0	None
chr19	5182609	5182634	ATTT	6	6	0	None
chr19	5176763	5176789	A	26	26	0	None
chr19	5175591	5175628	AC	18	18	0	None
chr19	5175557	5175592	AT	17	17	0	None
chr19	5173749	5173807	AGAAGG	9	9	0	None
chr19	5173055	5173107	TCT	17	17	0	None
chr19	5173024	5173055	CCTCCC	5	5	0	None
chr19	5169187	5169231	TC	22	22	0	None
chr19	5162754	5162794	TG	20	20	0	None
chr19	5155037	5155063	TTTA	6	6	0	None
chr19	5147247	5147333	GAAA	21	21	0	None
chr19	5146996	5147034	AT	19	19	0	None
chr19	5146971	5146997	A	26	26	0	None
chr19	5136234	5136264	TGTT	7	7	0	None
chr19	5135287	5135321	AAAAT	6	6	0	None
chr19	5133711	5133760	TG	24	24	0	None
chr19	5105505	5105537	TTTTG	6	6	0	None
chr19	5099244	5099486	AAGA	60	61	1	Expansion
chr19	5099140	5099247	AAGGG	21	21	0	None
chr19	5099138	5099232	GAAAGG	15	15	0	None
chr19	5094214	5094257	TTTAT	8	8	0	None
chr19	5091829	5091855	A	26	26	0	None
chr19	5088660	5089107	ATAG	111	111	0	None
chr19	5085131	5085178	TA	23	24	1	Expansion
chr19	5077975	5078004	ATAA	7	7	0	None
chr19	5077222	5077259	AAAT	9	9	0	None
chr19	5075415	5075453	AAAAT	7	7	0	None
chr19	5069327	5069359	AAAAT	6	6	0	None
chr19	5049698	5049746	CA	24	24	0	None
chr19	5049670	5049699	CT	14	14	0	None
chr19	5045239	5045270	AC	15	15	0	None
chr19	5036235	5036279	AGGG	11	11	0	None
chr19	5035796	5036238	AGGA	110	110	0	None
chr19	5030860	5030896	TGTTT	7	7	0	None
chr19	5002891	5002922	TTTG	7	7	0	None
chr19	4998856	4998896	ATTT	10	10	0	None
chr19	4996529	4996586	TTC	19	19	0	None
chr19	4995368	4995396	AAGGG	5	5	0	None
chr19	4995342	4995369	AAAG	6	6	0	None
chr19	4979051	4979098	CA	23	23	0	None
chr19	4975790	4975929	AGGGA	27	27	0	None
chr19	4951254	4951296	A	42	42	0	None
chr19	4948913	4948958	AT	22	22	0	None
chr19	4946988	4947035	T	47	47	0	None
chr19	4926501	4926529	TTTTG	5	5	0	None
chr19	4925072	4925097	A	25	25	0	None
chr19	4919437	4919467	TTTTA	6	6	0	None
chr19	4917577	4917607	TGTTT	6	6	0	None
chr19	4915579	4915605	T	26	26	0	None
chr19	4915545	4915580	TA	17	17	0	None
chr19	4914703	4914728	TG	12	12	0	None
chr19	4910469	4910530	TGTTTT	10	10	0	None
chr19	4909013	4909136	AT	61	61	0	None
chr19	4908357	4908393	CA	18	18	0	None
chr19	4881367	4881407	TATT	10	10	0	None
chr19	4875816	4875866	CAAAA	10	10	0	None
chr19	4870789	4870840	AC	25	24	-1	Contraction
chr19	4850506	4850567	ACAC	15	15	0	None
chr19	4850506	4850567	ACACAG	10	10	0	None
chr19	4849345	4849462	TTC	39	39	0	None
chr19	4845052	4845100	CA	24	24	0	None
chr19	4841895	4841923	AG	14	14	0	None
chr19	4828759	4828788	A	29	29	0	None
chr19	4822374	4822403	T	29	30	1	Expansion
chr19	4818054	4818106	TTTA	13	13	0	None
chr19	4815780	4815839	TG	29	29	0	None
chr19	4805407	4805435	T	28	28	0	None
chr19	4794197	4794227	GA	15	15	0	None
chr19	4780328	4780361	TTA	11	11	0	None
chr19	4777478	4777504	AATT	6	6	0	None
chr19	4776977	4777016	CA	19	19	0	None
chr19	4773081	4773124	A	43	43	0	None
chr19	4771622	4771660	TTAT	9	9	0	None
chr19	4770645	4770698	T	53	53	0	None
chr19	4763600	4764064	CTC	154	148	-6	Contraction
chr19	4763346	4763384	AAAAC	7	7	0	None
chr19	4754440	4754491	TATC	12	12	0	None
chr19	4738950	4738986	TTTTC	7	7	0	None
chr19	4721281	4721306	T	25	25	0	None
chr19	4698894	4698937	AT	21	21	0	None
chr19	4697346	4697380	T	34	34	0	None
chr19	4696732	4696757	T	25	25	0	None
chr19	4693981	4694006	A	25	25	0	None
chr19	4684146	4684176	AT	15	15	0	None
chr19	4683964	4683990	AT	13	13	0	None
chr19	4682187	4682305	TCCA	29	29	0	None
chr19	4674499	4674535	AAAAC	7	7	0	None
chr19	4665937	4665979	TA	21	21	0	None
chr19	4665056	4665082	T	26	26	0	None
chr19	4663365	4663409	TAA	14	14	0	None
chr19	4662904	4662929	A	25	25	0	None
chr19	4661884	4661917	CAAAA	6	6	0	None
chr19	4659823	4659849	A	26	26	0	None
chr19	4656354	4656388	A	34	34	0	None
chr19	4650601	4650684	TC	41	41	0	None
chr19	4646694	4646738	TCCT	11	11	0	None
chr19	4646646	4646697	TCCC	12	12	0	None
chr19	4636004	4636235	TCTT	57	57	0	None
chr19	4633705	4633753	AAAAT	9	9	0	None
chr19	4630394	4630426	TTATT	6	6	0	None
chr19	4628442	4628468	AAAT	6	6	0	None
chr19	4623286	4623320	A	34	34	0	None
chr19	4620569	4620598	T	29	29	0	None
chr19	4620382	4620570	AT	94	95	1	Expansion
chr19	4618847	4618872	A	25	25	0	None
chr19	4617342	4617418	CTTT	19	19	0	None
chr19	4609838	4609863	CAAAA	5	5	0	None
chr19	4607537	4607592	TTTA	13	13	0	None
chr19	4600892	4600921	T	29	29	0	None
chr19	4599080	4599106	T	26	26	0	None
chr19	4593965	4593996	AAAC	7	7	0	None
chr19	4591899	4591943	TG	22	22	0	None
chr19	4587234	4587276	TG	21	21	0	None
chr19	4582958	4582998	TG	20	20	0	None
chr19	4577112	4577155	TA	21	21	0	None
chr19	4557115	4557157	TTAT	10	10	0	None
chr19	4555416	4555465	T	49	49	0	None
chr19	4552141	4552176	TTTC	8	8	0	None
chr19	4551896	4551981	TCTC	21	21	0	None
chr19	4547344	4547372	TATTT	5	5	0	None
chr19	4543420	4543457	T	37	37	0	None
chr19	4543389	4543421	AT	16	16	0	None
chr19	4542348	4542377	T	29	28	-1	Contraction
chr19	4539141	4539168	T	27	27	0	None
chr19	4535544	4535603	AT	29	29	0	None
chr19	4535507	4535545	A	38	38	0	None
chr19	4534424	4534454	T	30	30	0	None
chr19	4527166	4527199	T	33	33	0	None
chr19	4522659	4522732	CA	36	36	0	None
chr19	4521457	4521492	AAT	11	11	0	None
chr19	4510437	4510495	A	58	58	0	None
chr19	4505959	4505985	TG	13	13	0	None
chr19	4505431	4505456	A	25	26	1	Expansion
chr19	4504368	4504415	ATAC	11	11	0	None
chr19	4503481	4503605	TCCT	31	31	0	None
chr19	4500800	4500827	TTTA	6	6	0	None
chr19	4499245	4499294	A	49	49	0	None
chr19	4496042	4496086	CCG	14	15	1	Expansion
chr19	4485703	4485764	AG	30	30	0	None
chr19	4483749	4483801	AAT	17	17	0	None
chr19	4481720	4481748	A	28	28	0	None
chr19	4471786	4471818	CCCCTG	5	5	0	None
chr19	4457358	4457392	T	34	34	0	None
chr19	4439914	4439939	A	25	25	0	None
chr19	4430398	4430430	CT	16	16	0	None
chr19	4430004	4430036	T	32	32	0	None
chr19	4428771	4428799	A	28	27	-1	Contraction
chr19	4427814	4427839	T	25	25	0	None
chr19	4426471	4426497	T	26	26	0	None
chr19	4424717	4424742	TG	12	12	0	None
chr19	4423942	4423967	T	25	25	0	None
chr19	4418121	4418146	A	25	25	0	None
chr19	4414326	4414373	TTA	15	15	0	None
chr19	4403865	4403894	T	29	29	0	None
chr19	4399564	4399595	A	31	31	0	None
chr19	4390108	4390155	GAGG	11	11	0	None
chr19	4389167	4389393	GAGGGG	37	37	0	None
chr19	4386379	4386405	A	26	26	0	None
chr19	4381266	4381306	GT	20	20	0	None
chr19	4378934	4378965	ATAAA	6	6	0	None
chr19	4366257	4366303	ATAG	11	11	0	None
chr19	4362598	4362779	AGGA	45	45	0	None
chr19	4362517	4362561	AGGG	11	11	0	None
chr19	4359089	4359117	T	28	27	-1	Contraction
chr19	4354745	4354779	ATTT	8	9	1	Expansion
chr19	4339355	4339393	TTTTG	7	7	0	None
chr19	4338184	4338245	A	61	61	0	None
chr19	4334465	4334501	AC	18	18	0	None
chr19	4334356	4334381	A	25	25	0	None
chr19	4334041	4334075	A	34	34	0	None
chr19	4333232	4333259	A	27	27	0	None
chr19	4328225	4328250	T	25	25	0	None
chr19	4327472	4327497	TCAA	6	6	0	None
chr19	4322727	4322852	TTTC	31	31	0	None
chr19	4322670	4322712	TCCT	10	10	0	None
chr19	4318159	4318367	AT	104	104	0	None
chr19	4318110	4318136	AC	13	13	0	None
chr19	4318078	4318111	AT	16	16	0	None
chr19	4312536	4312603	TTAT	16	16	0	None
chr19	4307240	4307274	AAACA	6	6	0	None
chr19	4303424	4303450	A	26	26	0	None
chr19	4302621	4302676	AGGGG	11	11	0	None
chr19	4300419	4300461	GT	21	21	0	None
chr19	4296724	4296767	T	43	43	0	None
chr19	4292676	4292749	AAAAT	14	14	0	None
chr19	4281237	4281360	CCTT	30	30	0	None
chr19	4280827	4280866	TTTC	9	9	0	None
chr19	4275286	4275367	TCTT	20	20	0	None
chr19	4274833	4274927	GA	47	47	0	None
chr19	4270412	4270437	T	25	25	0	None
chr19	4270252	4270280	T	28	28	0	None
chr19	4270079	4270106	T	27	27	0	None
chr19	4269730	4269787	TC	28	28	0	None
chr19	4269670	4269800	TTTC	32	32	0	None
chr19	4259296	4259323	TTG	9	10	1	Expansion
chr19	4256411	4256534	TCCC	30	31	1	Expansion
chr19	4255379	4255440	AAG	20	20	0	None
chr19	4254790	4254827	TTTTG	7	7	0	None
chr19	4251060	4251113	TTCC	13	13	0	None
chr19	4245802	4245830	T	28	28	0	None
chr19	4244283	4244314	AAAT	7	7	0	None
chr19	4235490	4235538	AAAT	12	13	1	Expansion
chr19	4233838	4233863	TATT	6	6	0	None
chr19	4233408	4233442	CAAA	8	8	0	None
chr19	4229185	4229214	T	29	29	0	None
chr19	4229012	4229059	TG	23	23	0	None
chr19	4227758	4227809	AAAT	12	12	0	None
chr19	4219755	4219780	A	25	25	0	None
chr19	4216369	4216398	TAAA	7	7	0	None
chr19	4214807	4216201	ATATA	278	149	-129	Contraction
chr19	4214561	4214603	AAGG	10	10	0	None
chr19	4210611	4210670	TTTA	14	14	0	None
chr19	4204673	4204761	AGAG	22	22	0	None
chr19	4204673	4204761	AGAGAG	14	14	0	None
chr19	4184602	4184650	TTTA	12	12	0	None
chr19	4183194	4183238	AG	22	23	1	Expansion
chr19	4173944	4173969	A	25	25	0	None
chr19	4166546	4166602	AG	28	28	0	None
chr19	4163457	4163499	GA	21	21	0	None
chr19	4146279	4146379	TTTCT	20	20	0	None
chr19	4146259	4146377	TCTTTC	19	19	0	None
chr19	4140843	4140871	AAAT	7	7	0	None
chr19	4133122	4133156	AAAT	8	8	0	None
chr19	4129679	4129711	A	32	32	0	None
chr19	4120809	4120835	TTAT	6	6	0	None
chr19	4109966	4110001	AT	17	17	0	None
chr19	4109938	4109967	A	29	29	0	None
chr19	4104875	4104904	AAAAC	5	5	0	None
chr19	4094186	4094213	A	27	26	-1	Contraction
chr19	4080083	4080118	AAT	11	11	0	None
chr19	4071490	4071520	TTAT	7	7	0	None
chr19	4071305	4071373	A	68	68	0	None
chr19	4069643	4069685	CTTT	10	10	0	None
chr19	4068234	4068261	A	27	27	0	None
chr19	4067029	4067467	TA	219	149	-70	Contraction
chr19	4066135	4066174	A	39	39	0	None
chr19	4048268	4048294	ATAA	6	6	0	None
chr19	4047000	4047025	AAAT	6	6	0	None
chr19	4032806	4032846	AAAAG	8	9	1	Expansion
chr19	4029807	4029843	ATT	12	12	0	None
chr19	4025820	4025845	A	25	25	0	None
chr19	4020822	4021355	AT	266	149	-117	Contraction
chr19	4020820	4020987	TAATA	33	33	0	None
chr19	4020361	4020730	TA	184	149	-35	Contraction
chr19	4019614	4019668	AT	27	27	0	None
chr19	4019589	4019615	A	26	27	1	Expansion
chr19	4019014	4019041	AAAT	6	6	0	None
chr19	4014443	4014468	A	25	25	0	None
chr19	4009700	4009747	AAAT	11	11	0	None
chr19	3995852	3995879	A	27	27	0	None
chr19	3994793	3994939	AT	73	73	0	None
chr19	3994720	3994759	TG	19	19	0	None
chr19	3989552	3989583	AGAC	7	7	0	None
chr19	3970662	3970698	A	36	36	0	None
chr19	3955107	3955135	AAAAC	5	5	0	None
chr19	3948184	3948216	TTTTC	6	6	0	None
chr19	3947171	3947199	A	28	28	0	None
chr19	3934499	3934528	GT	14	14	0	None
chr19	3925934	3926067	AT	66	66	0	None
chr19	3921996	3922021	TTTTG	5	5	0	None
chr19	3911707	3911734	T	27	27	0	None
chr19	3896457	3896517	TA	30	30	0	None
chr19	3891136	3891169	TTA	11	11	0	None
chr19	3876309	3876334	TG	12	12	0	None
chr19	3870561	3870586	T	25	25	0	None
chr19	3869754	3869801	AC	23	23	0	None
chr19	3860447	3860472	A	25	25	0	None
chr19	3858318	3858343	T	25	25	0	None
chr19	3856484	3856518	AAAT	8	9	1	Expansion
chr19	3856311	3856336	A	25	24	-1	Contraction
chr19	3855497	3855534	GAAAG	7	7	0	None
chr19	3854722	3854750	T	28	28	0	None
chr19	3853322	3853356	TTTAT	6	6	0	None
chr19	3845731	3845762	TA	15	15	0	None
chr19	3845100	3845144	CA	22	22	0	None
chr19	3841876	3841904	GGCTG	5	5	0	None
chr19	3827589	3827623	A	34	34	0	None
chr19	3824735	3824779	AAT	14	15	1	Expansion
chr19	3822142	3822207	AC	32	32	0	None
chr19	3819655	3819689	TTAT	8	8	0	None
chr19	3815457	3815489	T	32	33	1	Expansion
chr19	3807706	3807795	GATG	22	22	0	None
chr19	3807571	3807619	GATG	12	13	1	Expansion
chr19	3804470	3804497	AAAT	6	6	0	None
chr19	3800245	3800284	T	39	39	0	None
chr19	3799248	3799291	T	43	43	0	None
chr19	3798116	3798150	TTCTT	6	6	0	None
chr19	3794439	3794468	A	29	29	0	None
chr19	3792467	3792496	TTTTG	5	5	0	None
chr19	3791498	3791535	TTATT	7	7	0	None
chr19	3791342	3791373	TTTA	7	7	0	None
chr19	3785799	3785829	AAAAC	6	6	0	None
chr19	3776125	3776152	T	27	27	0	None
chr19	3767862	3767887	T	25	25	0	None
chr19	3767038	3767067	T	29	29	0	None
chr19	3767009	3767039	AT	15	15	0	None
chr19	3745647	3745708	ATAG	15	15	0	None
chr19	3742295	3742323	T	28	28	0	None
chr19	3730267	3730300	TG	16	16	0	None
chr19	3729815	3729855	AAAC	10	10	0	None
chr19	3727545	3727595	AAT	16	16	0	None
chr19	3727198	3727228	A	30	30	0	None
chr19	3705040	3705069	AGGG	7	6	-1	Contraction
chr19	3705003	3705043	AAGG	10	10	0	None
chr19	3704538	3704582	A	44	44	0	None
chr19	3700462	3700491	TCAG	7	7	0	None
chr19	3698912	3698940	AAAATA	4	4	0	None
chr19	3695001	3695035	AAAATA	5	6	1	Expansion
chr19	3693710	3693741	AC	15	15	0	None
chr19	3676416	3676529	AAGG	28	28	0	None
chr19	3672815	3672841	T	26	25	-1	Contraction
chr19	3666802	3666830	T	28	28	0	None
chr19	3658854	3658888	ATTT	8	8	0	None
chr19	3658372	3658397	AATTT	5	5	0	None
chr19	3655916	3655968	T	52	51	-1	Contraction
chr19	3648816	3648980	GGAG	41	41	0	None
chr19	3648787	3648933	AGGA	36	36	0	None
chr19	3637118	3637165	A	47	47	0	None
chr19	3634279	3634318	T	39	39	0	None
chr19	3633610	3634002	CTTC	98	99	1	Expansion
chr19	3632343	3632387	AAAT	11	11	0	None
chr19	3631320	3631346	A	26	26	0	None
chr19	3631008	3631041	A	33	32	-1	Contraction
chr19	3630905	3630936	A	31	31	0	None
chr19	3627603	3627628	A	25	26	1	Expansion
chr19	3626588	3626638	GGAAGG	8	8	0	None
chr19	3626573	3626712	GGAAG	27	27	0	None
chr19	3625867	3625906	TTTA	9	9	0	None
chr19	3619281	3619319	TC	19	19	0	None
chr19	3618839	3619168	AAGG	82	82	0	None
chr19	3618727	3618760	AG	16	16	0	None
chr19	3614045	3614085	A	40	40	0	None
chr19	3611898	3611945	TTTGT	9	9	0	None
chr19	3607979	3608028	ATAC	12	12	0	None
chr19	3605868	3605900	TTTTCT	5	5	0	None
chr19	3604894	3605243	AGAA	87	87	0	None
chr19	3604693	3604767	AAGA	18	18	0	None
chr19	3604222	3604401	AGAA	44	44	0	None
chr19	3603227	3603279	TTTA	13	13	0	None
chr19	3603094	3603209	AAG	38	39	1	Expansion
chr19	3601044	3601069	GTTT	6	6	0	None
chr19	3598461	3598523	AAGG	15	15	0	None
chr19	3598386	3598447	AGGA	15	14	-1	Contraction
chr19	3595157	3595602	ATGG	111	112	1	Expansion
chr19	3590588	3590618	TTTA	7	7	0	None
chr19	3587641	3587683	AAAT	10	10	0	None
chr19	3584637	3584705	TTTG	17	17	0	None
chr19	3575914	3575952	AGGGG	7	7	0	None
chr19	3574427	3574467	TC	20	20	0	None
chr19	3574143	3574189	AC	23	23	0	None
chr19	3573979	3574032	A	53	53	0	None
chr19	3572977	3573003	A	26	26	0	None
chr19	3567748	3567777	T	29	29	0	None
chr19	3565715	3565756	TGTTT	8	8	0	None
chr19	3553503	3553537	A	34	33	-1	Contraction
chr19	3552362	3552389	T	27	27	0	None
chr19	3547259	3547350	AAAGG	18	18	0	None
chr19	3544337	3544464	AT	63	63	0	None
chr19	3527235	3527289	TTCC	13	12	-1	Contraction
chr19	3527041	3527075	TTCC	8	8	0	None
chr19	3524232	3524341	AAGA	27	27	0	None
chr19	3524056	3524219	GAAG	40	40	0	None
chr19	3510070	3510148	GAAA	19	19	0	None
chr19	3510036	3510072	AGGG	9	9	0	None
chr19	3508714	3508758	AAACA	8	8	0	None
chr19	3497522	3497581	AT	29	29	0	None
chr19	3497489	3497523	A	34	34	0	None
chr19	3496004	3496091	CCAT	21	21	0	None
chr19	3490753	3491030	GAAG	69	69	0	None
chr19	3490655	3490835	AGAA	45	45	0	None
chr19	3490604	3490756	AAAAG	30	30	0	None
chr19	3488994	3489030	T	36	36	0	None
chr19	3488380	3488417	T	37	37	0	None
chr19	3486367	3486409	TC	21	21	0	None
chr19	3482849	3482896	TG	23	23	0	None
chr19	3469461	3469489	T	28	28	0	None
chr19	3466878	3466916	TTAT	9	9	0	None
chr19	3464884	3464946	CTTTT	12	12	0	None
chr19	3461341	3461385	AAAAC	8	8	0	None
chr19	3456152	3456195	AAAT	10	10	0	None
chr19	3436497	3436594	ATTC	24	23	-1	Contraction
chr19	3432417	3432452	AAAT	8	8	0	None
chr19	3429168	3429208	AC	20	20	0	None
chr19	3427775	3427808	AAAC	8	8	0	None
chr19	3427454	3427497	AAAT	10	10	0	None
chr19	3423496	3423528	TTTTC	6	6	0	None
chr19	3415744	3415774	A	30	30	0	None
chr19	3413879	3413947	AAGA	17	17	0	None
chr19	3411668	3411715	CT	23	23	0	None
chr19	3409377	3409412	TG	17	17	0	None
chr19	3406466	3406513	TA	23	23	0	None
chr19	3402720	3402917	AT	98	97	-1	Contraction
chr19	3399395	3399424	AGA	9	8	-1	Contraction
chr19	3395274	3395318	AAAAAG	7	7	0	None
chr19	3393810	3393838	CT	14	14	0	None
chr19	3393752	3393812	CCTT	15	15	0	None
chr19	3393618	3393737	CTTT	29	29	0	None
chr19	3393493	3393539	TTCC	11	11	0	None
chr19	3388246	3388274	T	28	28	0	None
chr19	3380750	3380793	TTTA	10	11	1	Expansion
chr19	3380646	3380672	A	26	26	0	None
chr19	3378646	3378678	ATTT	8	8	0	None
chr19	3367295	3367320	A	25	25	0	None
chr19	3363313	3363339	TC	13	13	0	None
chr19	3354859	3354893	T	34	34	0	None
chr19	3346667	3346698	T	31	31	0	None
chr19	3346617	3346668	TA	25	25	0	None
chr19	3344731	3344773	ATTT	10	10	0	None
chr19	3336565	3336641	GA	38	38	0	None
chr19	3334550	3334611	TG	30	30	0	None
chr19	3325013	3325199	CTT	62	62	0	None
chr19	3323261	3323299	AAAC	9	9	0	None
chr19	3320238	3320276	GA	19	19	0	None
chr19	3319246	3319332	TTCA	21	21	0	None
chr19	3315941	3315974	TTTAT	6	6	0	None
chr19	3310455	3310491	A	36	36	0	None
chr19	3303449	3303484	CCCCCA	5	5	0	None
chr19	3288211	3288253	TTTTCT	7	7	0	None
chr19	3268894	3268919	T	25	25	0	None
chr19	3267130	3267178	GA	24	24	0	None
chr19	3260302	3260334	AT	16	16	0	None
chr19	3259313	3259343	T	30	30	0	None
chr19	3255679	3255996	TCCT	79	79	0	None
chr19	3255652	3255801	CCCT	37	37	0	None
chr19	3250381	3250413	TTTAA	6	6	0	None
chr19	3247700	3247745	AAAT	11	11	0	None
chr19	3234351	3234376	A	25	25	0	None
chr19	3227904	3227929	T	25	25	0	None
chr19	3216648	3216711	TATC	15	15	0	None
chr19	3213673	3213701	T	28	28	0	None
chr19	3208880	3208909	TGG	9	9	0	None
chr19	3208157	3208203	GGA	15	15	0	None
chr19	3207859	3207899	CTG	13	13	0	None
chr19	3206945	3206974	T	29	29	0	None
chr19	3202275	3202349	ATCT	18	18	0	None
chr19	3198535	3198576	AT	20	20	0	None
chr19	3193760	3193786	TTCC	6	6	0	None
chr19	3187622	3187679	TCTCTC	9	9	0	None
chr19	3187614	3187695	TCTT	20	20	0	None
chr19	3187553	3187613	CCTT	15	15	0	None
chr19	3187533	3187580	CCTC	11	11	0	None
chr19	3181744	3181770	A	26	26	0	None
chr19	3177762	3177815	AAAT	13	12	-1	Contraction
chr19	3175167	3175215	ATA	16	17	1	Expansion
chr19	3171753	3171785	TTCT	8	8	0	None
chr19	3157685	3157745	TTTTC	12	12	0	None
chr19	3157416	3157546	TTTC	32	32	0	None
chr19	3156977	3157003	AAG	8	8	0	None
chr19	3148063	3148089	A	26	26	0	None
chr19	3147080	3147114	AC	17	17	0	None
chr19	3139493	3139535	TG	21	21	0	None
chr19	3127372	3127401	T	29	29	0	None
chr19	3106814	3106841	TTTA	6	6	0	None
chr19	3104197	3104222	A	25	25	0	None
chr19	3095182	3095208	TCCC	6	6	0	None
chr19	3068104	3068142	CAAAAA	6	6	0	None
chr19	3067450	3067516	GT	33	33	0	None
chr19	3026745	3026770	TG	12	12	0	None
chr19	3023061	3023109	TC	24	24	0	None
chr19	3015791	3015826	CA	17	17	0	None
chr19	2999488	2999517	AC	14	14	0	None
chr19	2996143	2996172	GT	14	14	0	None
chr19	2995568	2995640	GCG	24	24	0	None
chr19	2994313	2994352	GT	19	19	0	None
chr19	2992912	2992956	TTTA	11	10	-1	Contraction
chr19	2992302	2992466	TTTC	41	41	0	None
chr19	2992295	2992359	TTTTCT	10	10	0	None
chr19	2988270	2988308	GT	19	19	0	None
chr19	2984299	2984324	GT	12	12	0	None
chr19	2982809	2982934	TC	62	62	0	None
chr19	2981783	2981808	T	25	25	0	None
chr19	2980340	2980386	TTTCTT	7	7	0	None
chr19	2976359	2976387	GT	14	14	0	None
chr19	2970567	2970697	CTTT	32	33	1	Expansion
chr19	2963873	2963973	TTC	33	33	0	None
chr19	2962193	2962389	TTTC	49	49	0	None
chr19	2959336	2959362	AAAT	6	6	0	None
chr19	2927730	2927756	A	26	27	1	Expansion
chr19	2920097	2920126	AC	14	14	0	None
chr19	2906896	2906933	TAAAT	7	7	0	None
chr19	2901170	2901225	AAAT	13	13	0	None
chr19	2890616	2890676	CA	30	28	-2	Contraction
chr19	2881783	2881814	T	31	31	0	None
chr19	2879163	2879195	TAAA	8	8	0	None
chr19	2877528	2877563	TATT	8	8	0	None
chr19	2871606	2871634	CAAA	7	7	0	None
chr19	2870181	2870207	A	26	26	0	None
chr19	2863159	2863198	A	39	40	1	Expansion
chr19	2861675	2861718	TTTC	10	10	0	None
chr19	2859052	2859095	TTTA	10	10	0	None
chr19	2858007	2858038	A	31	31	0	None
chr19	2853872	2853926	AAT	18	18	0	None
chr19	2852850	2852877	AAAAT	5	5	0	None
chr19	2849667	2849693	AAAAAT	4	4	0	None
chr19	2848629	2848668	AAAAT	7	7	0	None
chr19	2831017	2831058	TG	20	20	0	None
chr19	2830839	2830872	GT	16	16	0	None
chr19	2826697	2826723	AAAT	6	6	0	None
chr19	2819881	2819906	A	25	25	0	None
chr19	2815228	2815253	A	25	25	0	None
chr19	2813672	2813706	ATTTT	6	5	-1	Contraction
chr19	2811918	2811946	AAT	9	9	0	None
chr19	2808240	2808273	AAAAAT	5	5	0	None
chr19	2805132	2805165	A	33	34	1	Expansion
chr19	2803912	2803939	A	27	27	0	None
chr19	2789175	2789231	GA	28	27	-1	Contraction
chr19	2788054	2788085	CAAA	7	7	0	None
chr19	2780655	2780684	T	29	29	0	None
chr19	2777155	2777193	AAAAT	7	7	0	None
chr19	2774083	2774112	TTTTTC	4	4	0	None
chr19	2764322	2764348	T	26	26	0	None
chr19	2757412	2757442	AAAAT	6	6	0	None
chr19	2754063	2754094	T	31	32	1	Expansion
chr19	2736048	2736102	TTTTA	10	10	0	None
chr19	2725105	2725142	T	37	37	0	None
chr19	2722562	2722613	A	51	51	0	None
chr19	2713483	2713520	ATAA	9	9	0	None
chr19	2707475	2707508	T	33	33	0	None
chr19	2701094	2701124	GGAC	7	7	0	None
chr19	2697162	2697187	T	25	25	0	None
chr19	2693562	2693609	AC	23	24	1	Expansion
chr19	2693530	2693563	AT	16	16	0	None
chr19	2693502	2693531	A	29	29	0	None
chr19	2687431	2687457	A	26	26	0	None
chr19	2673411	2673437	T	26	26	0	None
chr19	2657955	2657982	A	27	28	1	Expansion
chr19	2640722	2640779	GAGG	14	14	0	None
chr19	2636191	2636216	T	25	25	0	None
chr19	2619900	2619938	TTTA	9	9	0	None
chr19	2618809	2618851	GT	21	21	0	None
chr19	2615013	2615038	T	25	25	0	None
chr19	2614893	2614928	T	35	36	1	Expansion
chr19	2612411	2612450	TTTA	9	9	0	None
chr19	2608444	2608487	TTTA	10	11	1	Expansion
chr19	2602080	2602129	AC	24	24	0	None
chr19	2599140	2599186	A	46	46	0	None
chr19	2589872	2589914	ATGT	10	10	0	None
chr19	2586301	2586330	AAAAT	5	5	0	None
chr19	2583757	2583793	CT	18	18	0	None
chr19	2566910	2566950	AATAA	8	8	0	None
chr19	2566268	2566293	A	25	25	0	None
chr19	2557047	2557083	AAAT	9	9	0	None
chr19	2555290	2555336	GAAG	11	11	0	None
chr19	2543322	2543374	GAAGGG	8	8	0	None
chr19	2532535	2532563	A	28	28	0	None
chr19	2519958	2519991	AAACA	6	6	0	None
chr19	2506934	2506973	A	39	39	0	None
chr19	2503994	2504020	A	26	26	0	None
chr19	2493879	2493914	A	35	35	0	None
chr19	2490581	2490652	AT	35	36	1	Expansion
chr19	2486429	2486545	GAAG	29	29	0	None
chr19	2482186	2482225	CTCCCT	6	6	0	None
chr19	2482139	2482185	AC	23	23	0	None
chr19	2481922	2482028	AAAGG	21	20	-1	Contraction
chr19	2475258	2475283	A	25	25	0	None
chr19	2446892	2446918	T	26	26	0	None
chr19	2436751	2436784	AC	16	16	0	None
chr19	2426026	2426083	GGGAAG	9	9	0	None
chr19	2423359	2423403	AAACA	8	8	0	None
chr19	2422775	2422808	AAT	11	11	0	None
chr19	2410255	2410299	AT	22	22	0	None
chr19	2410175	2410214	ATAC	9	9	0	None
chr19	2401570	2401601	GA	15	15	0	None
chr19	2401542	2401568	T	26	24	-2	Contraction
chr19	2386471	2386548	GGAAGG	12	12	0	None
chr19	2382939	2382976	TTTTC	7	7	0	None
chr19	2361716	2361748	TCTCCC	5	5	0	None
chr19	2361667	2361701	CCTCCC	5	5	0	None
chr19	2349027	2349052	A	25	25	0	None
chr19	2338852	2338885	CAAAA	6	6	0	None
chr19	2334869	2334895	A	26	26	0	None
chr19	2328771	2328805	AAAT	8	8	0	None
chr19	2308694	2308818	AT	62	62	0	None
chr19	2305855	2305890	T	35	35	0	None
chr19	2303595	2303670	AC	37	38	1	Expansion
chr19	2300939	2301047	AATAA	21	21	0	None
chr19	2297990	2298027	AG	18	18	0	None
chr19	2297964	2297991	AC	13	13	0	None
chr19	2297048	2297095	TTGTTT	7	7	0	None
chr19	2292856	2292881	T	25	25	0	None
chr19	2290700	2290740	AAAT	10	10	0	None
chr19	2288775	2288806	TA	15	15	0	None
chr19	2279922	2279947	TG	12	12	0	None
chr19	2271038	2271082	TGA	14	14	0	None
chr19	2268132	2268183	AC	25	25	0	None
chr19	2260603	2260641	AAAAAC	6	6	0	None
chr19	2258332	2258359	A	27	27	0	None
chr19	2258161	2258186	A	25	24	-1	Contraction
chr19	2256038	2256065	A	27	27	0	None
chr19	2255092	2255134	AC	21	21	0	None
chr19	2252879	2252904	T	25	24	-1	Contraction
chr19	2239569	2239594	T	25	25	0	None
chr19	2216076	2216102	T	26	26	0	None
chr19	2206788	2206838	TTTTGT	8	8	0	None
chr19	2203046	2203097	TTTA	12	12	0	None
chr19	2197485	2197510	T	25	25	0	None
chr19	2190732	2190758	A	26	26	0	None
chr19	2183549	2183607	ATCT	14	14	0	None
chr19	2169780	2169810	TTTTTA	5	4	-1	Contraction
chr19	2168037	2168088	T	51	51	0	None
chr19	2162491	2162556	AAAT	16	16	0	None
chr19	2159488	2159523	TTTTC	7	7	0	None
chr19	2158951	2158992	AT	20	20	0	None
chr19	2144242	2144278	A	36	36	0	None
chr19	2136691	2136720	AAAAT	5	5	0	None
chr19	2126997	2127069	TTATG	14	14	0	None
chr19	2120794	2120827	T	33	33	0	None
chr19	2120479	2120506	T	27	27	0	None
chr19	2118261	2118286	A	25	25	0	None
chr19	2105398	2105429	TTTA	7	7	0	None
chr19	2094350	2094376	TTAT	6	5	-1	Contraction
chr19	2086731	2086765	TTAT	8	8	0	None
chr19	2082040	2082073	TTTTTC	5	5	0	None
chr19	2075207	2075235	AATAA	5	5	0	None
chr19	2067917	2067992	AAAG	18	18	0	None
chr19	2067608	2067635	A	27	27	0	None
chr19	2062924	2062951	T	27	27	0	None
chr19	2059242	2059282	GTTT	10	10	0	None
chr19	2048834	2048877	AAAAG	8	8	0	None
chr19	2045721	2045746	TTTA	6	6	0	None
chr19	2043293	2043319	TTAT	6	6	0	None
chr19	2043137	2043166	AC	14	14	0	None
chr19	2039853	2039880	A	27	27	0	None
chr19	2030082	2030107	A	25	25	0	None
chr19	2029522	2029550	A	28	28	0	None
chr19	2019053	2019078	A	25	25	0	None
chr19	2004443	2004473	A	30	29	-1	Contraction
chr19	2002528	2002562	CTTTTT	5	5	0	None
chr19	1998315	1998354	T	39	39	0	None
chr19	1995745	1995789	T	44	44	0	None
chr19	1994419	1994450	T	31	31	0	None
chr19	1974041	1974202	TTTC	40	39	-1	Contraction
chr19	1963089	1963119	GT	15	15	0	None
chr19	1961923	1961960	AC	18	18	0	None
chr19	1954997	1955022	T	25	25	0	None
chr19	1927423	1927465	TAAA	10	10	0	None
chr19	1921487	1921522	TTTG	8	8	0	None
chr19	1897350	1897377	AAAAAT	4	4	0	None
chr19	1896218	1896245	A	27	27	0	None
chr19	1891401	1891466	AAGG	16	16	0	None
chr19	1874794	1874841	ATTT	11	11	0	None
chr19	1873777	1873810	A	33	33	0	None
chr19	1870604	1870630	AAAAAC	4	4	0	None
chr19	1869619	1869676	T	57	57	0	None
chr19	1869619	1869674	TTTTTC	9	9	0	None
chr19	1865713	1865741	A	28	28	0	None
chr19	1841333	1841361	AAAT	7	7	0	None
chr19	1824183	1824227	A	44	44	0	None
chr19	1815285	1815327	CA	21	21	0	None
chr19	1811897	1812037	AAAG	35	35	0	None
chr19	1811249	1811275	TTCTTT	4	4	0	None
chr19	1793013	1793152	GAAA	34	33	-1	Contraction
chr19	1762875	1762920	ATAA	11	11	0	None
chr19	1760527	1760553	TTGTTT	4	4	0	None
chr19	1758394	1758421	TTTA	6	6	0	None
chr19	1755312	1755340	A	28	28	0	None
chr19	1743393	1743431	ATT	12	12	0	None
chr19	1710917	1710944	A	27	27	0	None
chr19	1701488	1701522	AAAAAC	5	5	0	None
chr19	1695649	1695677	A	28	28	0	None
chr19	1692464	1692490	T	26	26	0	None
chr19	1688060	1688089	T	29	30	1	Expansion
chr19	1645294	1645329	CAAA	8	8	0	None
chr19	1640595	1640629	T	34	34	0	None
chr19	1640511	1640596	TA	42	42	0	None
chr19	1638571	1638596	A	25	25	0	None
chr19	1634629	1634673	TTTTC	8	8	0	None
chr19	1629757	1629831	AGA	24	24	0	None
chr19	1627238	1627302	A	64	64	0	None
chr19	1613063	1613168	CCTCC	21	21	0	None
chr19	1609472	1609519	TA	23	23	0	None
chr19	1602006	1602031	A	25	25	0	None
chr19	1596865	1596918	AGGA	13	13	0	None
chr19	1595674	1595715	TTTA	10	10	0	None
chr19	1590315	1590340	T	25	25	0	None
chr19	1587539	1587682	GAGAG	28	29	1	Expansion
chr19	1587538	1587576	AG	19	20	1	Expansion
chr19	1580914	1580942	AG	14	14	0	None
chr19	1580739	1580765	A	26	26	0	None
chr19	1573077	1573103	A	26	26	0	None
chr19	1569428	1569464	AC	18	18	0	None
chr19	1567876	1567908	A	32	32	0	None
chr19	1561197	1561230	AAAAT	6	6	0	None
chr19	1553535	1553633	CA	49	49	0	None
chr19	1550938	1550975	CA	18	18	0	None
chr19	1543956	1543987	TCAT	7	7	0	None
chr19	1543464	1543492	ATA	9	9	0	None
chr19	1537483	1537518	AAT	11	11	0	None
chr19	1534564	1534895	AGA	110	109	-1	Contraction
chr19	1533235	1533274	TTTA	9	9	0	None
chr19	1532553	1532588	AGAC	8	8	0	None
chr19	1532517	1532556	AGAT	9	9	0	None
chr19	1530874	1530905	TATTT	6	6	0	None
chr19	1494328	1494409	ATAAC	16	16	0	None
chr19	1487952	1488002	TATT	12	12	0	None
chr19	1473367	1473405	AAAAAG	6	6	0	None
chr19	1464568	1465345	AC	388	149	-239	Contraction
chr19	1464075	1464153	CTCT	19	18	-1	Contraction
chr19	1461479	1461566	CCTT	21	21	0	None
chr19	1461455	1461482	CCTC	6	6	0	None
chr19	1454450	1454487	TC	18	18	0	None
chr19	1451464	1451516	T	52	52	0	None
chr19	1447526	1447591	GAG	21	21	0	None
chr19	1439595	1439633	T	38	38	0	None
chr19	1428855	1428905	TTTA	12	12	0	None
chr19	1420136	1420172	T	36	36	0	None
chr19	1414135	1414546	AT	205	148	-57	Contraction
chr19	1412966	1413015	AAAAT	9	9	0	None
chr19	1410123	1410170	TATTT	9	9	0	None
chr19	1409483	1409525	AAAAC	8	8	0	None
chr19	1405495	1405540	T	45	45	0	None
chr19	1400857	1400909	AAAT	13	13	0	None
chr19	1396159	1396187	T	28	28	0	None
chr19	1396101	1396138	TC	18	18	0	None
chr19	1393951	1393987	TG	18	18	0	None
chr19	1389555	1389596	TTTCT	8	8	0	None
chr19	1388933	1388964	AAAT	7	7	0	None
chr19	1386845	1386873	GATT	7	7	0	None
chr19	1386353	1386406	AAAT	13	13	0	None
chr19	1384706	1384774	TTCC	17	17	0	None
chr19	1384668	1384704	TC	18	18	0	None
chr19	1373562	1373590	GT	14	14	0	None
chr19	1358030	1358063	TG	16	16	0	None
chr19	1356665	1356695	TG	15	15	0	None
chr19	1342535	1342569	CAAAA	6	6	0	None
chr19	1341138	1341192	A	54	54	0	None
chr19	1319597	1319639	CAAAA	8	8	0	None
chr19	1316087	1316118	GT	15	15	0	None
chr19	1315558	1315606	AAAT	12	12	0	None
chr19	1315236	1315276	AAT	13	13	0	None
chr19	1305530	1305576	AAAAAT	7	7	0	None
chr19	1302679	1302708	AC	14	14	0	None
chr19	1302586	1302680	TA	47	46	-1	Contraction
chr19	1297483	1297515	TTATT	6	6	0	None
chr19	1280252	1280280	T	28	28	0	None
chr19	1277482	1277534	GAGAGG	8	8	0	None
chr19	1273680	1273723	TCTT	10	10	0	None
chr19	1273589	1273661	TTCC	18	18	0	None
chr19	1264017	1264067	TTAT	12	12	0	None
chr19	1257483	1257508	A	25	25	0	None
chr19	1244452	1244479	T	27	27	0	None
chr19	1225869	1225895	A	26	26	0	None
chr19	1224191	1224218	TTTC	6	6	0	None
chr19	1219175	1219202	T	27	27	0	None
chr19	1189604	1189635	A	31	31	0	None
chr19	1181237	1181266	TTA	9	9	0	None
chr19	1181089	1181117	A	28	28	0	None
chr19	1175428	1175457	A	29	29	0	None
chr19	1164711	1164760	CATC	12	12	0	None
chr19	1157158	1157198	TTTTC	8	8	0	None
chr19	1139988	1140038	TTCC	12	12	0	None
chr19	1119975	1120015	AAAC	10	10	0	None
chr19	1111251	1111288	AAAAG	7	7	0	None
chr19	1105914	1105946	TTGTTT	5	5	0	None
chr19	1094137	1094163	TTTA	6	6	0	None
chr19	1092203	1092235	TTA	10	10	0	None
chr19	1086432	1086458	T	26	26	0	None
chr19	1083702	1083734	TTTTG	6	6	0	None
chr19	1074591	1074619	GAAG	7	7	0	None
chr19	1071072	1071114	TTTA	10	10	0	None
chr19	1068084	1068127	TA	21	21	0	None
chr19	1062709	1062741	TTTTG	6	6	0	None
chr19	1061205	1061243	AT	19	19	0	None
chr19	1009008	1009042	T	34	35	1	Expansion
chr19	974690	974725	T	35	34	-1	Contraction
chr19	967292	967321	TTTTA	5	5	0	None
chr19	965971	966000	T	29	29	0	None
chr19	959648	959691	AAAC	10	10	0	None
chr19	956344	956388	CCCTC	8	8	0	None
chr19	953723	953758	CAAAA	7	7	0	None
chr19	953372	953397	GT	12	12	0	None
chr19	948042	948073	A	31	31	0	None
chr19	946922	946955	AC	16	16	0	None
chr19	943621	943661	AATA	10	10	0	None
chr19	940033	940078	A	45	45	0	None
chr19	932514	932539	T	25	25	0	None
chr19	926834	926886	TATTT	10	10	0	None
chr19	920124	920158	GT	17	17	0	None
chr19	906862	906925	TTTAT	12	12	0	None
chr19	899707	899739	TTTTCT	5	5	0	None
chr19	890796	890821	T	25	25	0	None
chr19	885889	885915	T	26	26	0	None
chr19	882535	882560	T	25	25	0	None
chr19	873625	873658	T	33	33	0	None
chr19	871564	871652	CGG	29	29	0	None
chr19	867642	867671	T	29	29	0	None
chr19	860535	860560	A	25	25	0	None
chr19	859349	859386	TA	18	18	0	None
chr19	859245	859350	TG	52	52	0	None
chr19	858227	858253	A	26	25	-1	Contraction
chr19	857895	857934	AAAG	9	9	0	None
chr19	857340	857368	AT	14	14	0	None
chr19	855031	855056	T	25	25	0	None
chr19	840500	840538	TTTTTG	6	6	0	None
chr19	837466	837525	T	59	59	0	None
chr19	822170	822203	TTTTTC	5	5	0	None
chr19	807540	807567	T	27	27	0	None
chr19	794345	794380	GT	17	17	0	None
chr19	789837	789869	AAAT	8	8	0	None
chr19	789197	789233	CAAA	9	9	0	None
chr19	783676	783708	TTA	10	10	0	None
chr19	782343	782378	TTTTTC	5	5	0	None
chr19	779475	779506	TTTC	7	7	0	None
chr19	779471	779528	T	57	57	0	None
chr19	778007	778057	TTTA	12	12	0	None
chr19	772055	772096	TTTTA	8	8	0	None
chr19	763066	763094	TTTTG	5	5	0	None
chr19	759110	759138	TTTAG	5	5	0	None
chr19	753379	753449	CCTTCC	11	11	0	None
chr19	743810	743838	A	28	28	0	None
chr19	739862	739888	A	26	26	0	None
chr19	738261	738288	AAAT	6	6	0	None
chr19	729165	729191	A	26	26	0	None
chr19	714060	714086	T	26	26	0	None
chr19	705841	705871	T	30	30	0	None
chr19	702760	702787	T	27	27	0	None
chr19	700179	700215	TGTTTT	6	6	0	None
chr19	699666	699702	AAGAA	7	7	0	None
chr19	697211	697244	TTTTTC	5	5	0	None
chr19	678371	678411	TTTTTC	6	6	0	None
chr19	676605	676639	TTTGTT	5	5	0	None
chr19	676250	676307	T	57	56	-1	Contraction
chr19	674612	674639	T	27	27	0	None
chr19	659393	659419	T	26	26	0	None
chr19	647477	647502	T	25	24	-1	Contraction
chr19	629262	629293	TAT	10	10	0	None
chr19	626746	626771	TATT	6	6	0	None
chr19	610632	610657	T	25	25	0	None
chr19	601598	601627	TTTTA	5	5	0	None
chr19	595892	595939	GT	23	23	0	None
chr19	594694	594757	TCT	21	21	0	None
chr19	593168	593195	ATT	9	9	0	None
chr19	587723	587816	CATT	23	23	0	None
chr19	585217	585357	AAAG	35	35	0	None
chr19	584619	584681	GAAG	15	15	0	None
chr19	584580	584622	AAAG	10	10	0	None
chr19	580045	580070	T	25	25	0	None
chr19	577424	577452	T	28	28	0	None
chr19	575743	575785	T	42	42	0	None
chr19	571168	571193	T	25	25	0	None
chr19	570548	570573	A	25	25	0	None
chr19	548004	548049	T	45	45	0	None
chr19	536096	536123	TTTG	6	6	0	None
chr19	535572	535602	T	30	30	0	None
chr19	529608	529640	AAT	10	11	1	Expansion
chr19	528282	528342	TTTCC	12	12	0	None
chr19	525995	526158	ATACAT	27	27	0	None
chr19	525409	525462	TG	26	25	-1	Contraction
chr19	525344	525387	AC	21	21	0	None
chr19	508311	508340	T	29	29	0	None
chr19	507625	507661	T	36	36	0	None
chr19	506167	506199	ATTT	8	8	0	None
chr19	503638	503678	TTTTC	8	8	0	None
chr19	489095	489121	A	26	25	-1	Contraction
chr19	488613	488642	AAAAC	5	5	0	None
chr19	487656	487698	AAAT	10	10	0	None
chr19	481278	481310	A	32	32	0	None
chr19	476067	476204	TCTT	34	34	0	None
chr19	465684	465718	T	34	34	0	None
chr19	463025	463086	TTTCC	12	12	0	None
chr19	456533	456565	AAAT	8	8	0	None
chr19	452021	452063	GT	21	21	0	None
chr19	449327	449377	TGTT	12	12	0	None
chr19	447208	447244	T	36	37	1	Expansion
chr19	435562	435593	AC	15	15	0	None
chr19	434142	434217	TTTC	18	18	0	None
chr19	429146	429325	GAAAG	35	35	0	None
chr19	429133	429197	AAGG	16	16	0	None
chr19	428358	428420	GA	31	31	0	None
chr19	425985	426014	A	29	29	0	None
chr19	414896	414921	AAAT	6	6	0	None
chr19	407821	407867	TTCC	11	11	0	None
chr19	404178	404227	CA	24	24	0	None
chr19	402158	402183	A	25	25	0	None
chr19	399932	399957	A	25	25	0	None
chr19	399464	399489	A	25	25	0	None
chr19	387931	387958	A	27	27	0	None
chr19	385681	385724	AAAT	10	10	0	None
chr19	383483	383509	T	26	26	0	None
chr19	382670	382700	AAAAT	6	6	0	None
chr19	379500	379544	AAAT	11	11	0	None
chr19	378834	378882	TATCT	9	9	0	None
chr19	377325	378154	TGGA	207	149	-58	Contraction
chr19	372459	372486	TA	13	13	0	None
chr19	358284	358319	T	35	35	0	None
chr19	349387	349418	AAAT	7	7	0	None
chr19	347759	347786	A	27	28	1	Expansion
chr19	338491	338526	TCTCTG	5	4	-1	Contraction
chr19	331357	331413	A	56	56	0	None
chr19	313672	313705	T	33	34	1	Expansion
chr19	306102	306127	TAT	8	8	0	None
chr19	300779	300821	TGTT	10	10	0	None
chr19	278549	278581	T	32	31	-1	Contraction
chr19	269175	269202	T	27	27	0	None
chr19	266194	266225	TTTA	7	7	0	None
chr19	259099	259126	A	27	27	0	None
chr19	251668	251722	AAAAAC	9	9	0	None
chr19	244934	244970	TGTTT	7	7	0	None
chr19	235588	235619	TTTA	7	7	0	None
chr19	234245	234271	T	26	26	0	None
chr19	233939	233974	TAAA	8	8	0	None
chr19	232355	232398	TG	21	21	0	None
chr19	228310	228340	CAAAA	6	5	-1	Contraction
chr19	223169	223206	A	37	37	0	None
chr19	214529	214558	TA	14	14	0	None
chr19	211545	211576	GTTT	7	7	0	None
chr19	201913	201940	T	27	27	0	None
chr19	201604	201641	TTTA	9	9	0	None
chr19	199185	199221	T	36	36	0	None
chr19	198648	198684	AAAT	9	9	0	None
chr19	190766	190825	AAAAT	11	11	0	None
chr19	183876	183905	AAAAT	5	5	0	None
chr19	182374	182562	TA	94	96	2	Expansion
chr19	180647	180677	TCA	10	10	0	None
chr19	175085	175130	AC	22	22	0	None
chr19	171805	171848	AAAT	10	10	0	None
chr19	170776	170812	TTTG	9	9	0	None
chr19	164914	164958	A	44	44	0	None
chr19	164617	164646	AAAC	7	7	0	None
chr19	161311	161365	AAAT	13	13	0	None
chr19	152759	152789	CAA	10	10	0	None
chr19	152161	152201	A	40	40	0	None
chr19	147264	147297	ATAA	8	8	0	None
chr19	128196	128223	ATAAA	5	5	0	None
chr19	104308	104348	TG	20	20	0	None
chr19	103597	103638	AAAT	10	10	0	None
chr19	99807	99878	CT	35	35	0	None
chr19	99577	99602	A	25	25	0	None
chr19	92244	92286	AGG	14	14	0	None
chr19	88954	88993	ATA	13	13	0	None
chr19	87820	87862	TGAA	10	10	0	None
chr19	82748	82784	TTTTG	7	7	0	None
chr19	81717	81785	GAG	22	22	0	None
chr19	80014	80151	GAAG	34	34	0	None
chr19	76696	76819	GAAG	30	30	0	None
chr19	76640	76718	AGA	26	26	0	None
chr19	76573	76635	GACGG	12	12	0	None
chr19	76233	76280	AG	23	23	0	None
chr19	66355	66498	AGAA	35	35	0	None
chr19	66016	66068	AAAG	13	13	0	None
chr19	60970	60997	AAAT	6	6	0	None
chr19	49595	49653	GAGAGA	9	9	0	None
chr19	49536	49670	AAAG	33	33	0	None
chr19	48892	48934	AAGG	10	10	0	None
chr19	48768	48854	GAGAAA	14	14	0	None
chr19	48722	48895	GAAA	43	43	0	None
chr19	48649	48724	GAGGAG	12	12	0	None
chr19	48595	48710	AGA	38	38	0	None
chr19	48555	48598	AG	21	21	0	None
chr19	28159	28368	TTTC	52	53	1	Expansion
chr19	27055	27110	TTCC	13	13	0	None
chr19	26126	26165	AC	19	19	0	None
chr19	16119	16167	TTTA	12	12	0	None
chr19	9152	9206	GT	27	27	0	None
chr19	7914	7979	TC	32	32	0	None
chr19	453	483	T	30	29	-1	Contraction
